PIN,From,To,population size,Previous residence,Current residence,Migration status,Months
110,1,2,244,Midland,Eastland,Migrate,August
166,1,2,342,Midland,Eastland,Migrate,November
529,1,2,413,Midland,Eastland,Migrate,May
564,1,1,591,Midland,Midland,Not migrate,September
635,1,3,229,Midland,Southland,Migrate,December
644,1,1,341,Midland,Midland,Not migrate,September
769,1,1,165,Midland,Midland,Not migrate,April
984,1,2,256,Midland,Eastland,Migrate,November
1057,1,3,308,Midland,Southland,Migrate,June
1388,1,2,638,Midland,Eastland,Migrate,February
1438,1,1,2010,Midland,Midland,Not migrate,August
1502,1,3,1294,Midland,Southland,Migrate,April
1538,1,2,1496,Midland,Eastland,Migrate,June
1552,1,2,973,Midland,Eastland,Migrate,October
1760,1,2,307,Midland,Eastland,Migrate,May
1884,1,2,275,Midland,Eastland,Migrate,January
2537,1,1,1050,Midland,Midland,Not migrate,February
2581,1,1,329,Midland,Midland,Not migrate,May
2725,1,1,429,Midland,Midland,Not migrate,December
3026,1,2,540,Midland,Eastland,Migrate,July
3180,1,3,479,Midland,Southland,Migrate,July
3249,1,1,644,Midland,Midland,Not migrate,August
3319,1,3,432,Midland,Southland,Migrate,February
3413,1,1,474,Midland,Midland,Not migrate,June
3460,1,2,607,Midland,Eastland,Migrate,December
3671,1,2,212,Midland,Eastland,Migrate,June
3713,1,2,543,Midland,Eastland,Migrate,May
3968,1,2,216,Midland,Eastland,Migrate,May
4480,1,1,307,Midland,Midland,Not migrate,September
4566,1,1,194,Midland,Midland,Not migrate,August
4613,1,1,539,Midland,Midland,Not migrate,July
4791,1,3,307,Midland,Southland,Migrate,August
4972,1,1,420,Midland,Midland,Not migrate,October
5229,1,2,692,Midland,Eastland,Migrate,September
5243,1,3,312,Midland,Southland,Migrate,April
5339,1,3,443,Midland,Southland,Migrate,September
5504,1,2,827,Midland,Eastland,Migrate,January
5513,1,2,289,Midland,Eastland,Migrate,August
5529,1,2,540,Midland,Eastland,Migrate,May
5771,1,2,171,Midland,Eastland,Migrate,September
5844,1,1,332,Midland,Midland,Not migrate,November
5904,1,2,370,Midland,Eastland,Migrate,July
5929,1,2,326,Midland,Eastland,Migrate,June
6167,1,3,458,Midland,Southland,Migrate,November
6189,1,1,307,Midland,Midland,Not migrate,April
6347,1,2,334,Midland,Eastland,Migrate,January
6431,1,2,187,Midland,Eastland,Migrate,April
6577,1,2,1202,Midland,Eastland,Migrate,October
6584,1,3,515,Midland,Southland,Migrate,August
6861,1,2,348,Midland,Eastland,Migrate,June
6920,1,1,314,Midland,Midland,Not migrate,October
6994,1,1,176,Midland,Midland,Not migrate,July
7222,1,2,652,Midland,Eastland,Migrate,March
7286,1,2,418,Midland,Eastland,Migrate,April
7430,1,2,193,Midland,Eastland,Migrate,November
7554,1,3,902,Midland,Southland,Migrate,April
7642,1,3,550,Midland,Southland,Migrate,May
7739,1,2,306,Midland,Eastland,Migrate,November
7743,1,2,473,Midland,Eastland,Migrate,February
7944,1,1,257,Midland,Midland,Not migrate,February
8181,1,2,1180,Midland,Eastland,Migrate,March
8284,1,2,373,Midland,Eastland,Migrate,October
8485,1,3,429,Midland,Southland,Migrate,June
8932,1,1,279,Midland,Midland,Not migrate,July
9147,1,3,446,Midland,Southland,Migrate,January
9407,1,2,800,Midland,Eastland,Migrate,December
9411,1,2,494,Midland,Eastland,Migrate,January
9753,1,1,404,Midland,Midland,Not migrate,May
9931,1,2,505,Midland,Eastland,Migrate,January
10023,1,2,832,Midland,Eastland,Migrate,August
10686,1,1,365,Midland,Midland,Not migrate,August
10730,1,2,540,Midland,Eastland,Migrate,June
10910,1,2,353,Midland,Eastland,Migrate,October
11094,1,1,294,Midland,Midland,Not migrate,September
11209,1,1,313,Midland,Midland,Not migrate,September
11273,1,1,253,Midland,Midland,Not migrate,October
11311,1,2,442,Midland,Eastland,Migrate,September
11355,1,2,419,Midland,Eastland,Migrate,October
11468,1,2,462,Midland,Eastland,Migrate,July
11475,1,1,227,Midland,Midland,Not migrate,December
11531,1,2,221,Midland,Eastland,Migrate,February
12034,1,2,497,Midland,Eastland,Migrate,March
12079,1,3,240,Midland,Southland,Migrate,May
12313,1,3,253,Midland,Southland,Migrate,November
12617,1,3,523,Midland,Southland,Migrate,May
12746,1,3,1154,Midland,Southland,Migrate,April
13007,1,3,227,Midland,Southland,Migrate,February
13628,1,3,473,Midland,Southland,Migrate,December
13802,1,2,256,Midland,Eastland,Migrate,June
13964,1,2,213,Midland,Eastland,Migrate,September
14284,1,2,586,Midland,Eastland,Migrate,December
14497,1,2,212,Midland,Eastland,Migrate,December
14514,1,1,503,Midland,Midland,Not migrate,July
14569,1,3,430,Midland,Southland,Migrate,November
14783,1,2,224,Midland,Eastland,Migrate,July
15117,1,2,208,Midland,Eastland,Migrate,February
15127,1,1,1310,Midland,Midland,Not migrate,January
15150,1,2,277,Midland,Eastland,Migrate,March
15194,1,2,438,Midland,Eastland,Migrate,February
15197,1,3,360,Midland,Southland,Migrate,January
15347,1,2,226,Midland,Eastland,Migrate,October
15614,1,1,278,Midland,Midland,Not migrate,June
15619,1,3,163,Midland,Southland,Migrate,December
15812,1,2,545,Midland,Eastland,Migrate,March
15985,1,1,172,Midland,Midland,Not migrate,October
16016,1,3,251,Midland,Southland,Migrate,November
16080,1,2,257,Midland,Eastland,Migrate,March
16092,1,3,1295,Midland,Southland,Migrate,April
16237,1,3,307,Midland,Southland,Migrate,December
16267,1,2,254,Midland,Eastland,Migrate,June
16446,1,2,146,Midland,Eastland,Migrate,March
16529,1,2,1158,Midland,Eastland,Migrate,November
17016,1,3,405,Midland,Southland,Migrate,January
17096,1,2,240,Midland,Eastland,Migrate,October
17289,1,2,484,Midland,Eastland,Migrate,September
17515,1,3,478,Midland,Southland,Migrate,December
17679,1,1,479,Midland,Midland,Not migrate,November
17733,1,3,291,Midland,Southland,Migrate,March
17833,1,2,381,Midland,Eastland,Migrate,September
17932,1,2,304,Midland,Eastland,Migrate,October
17941,1,2,367,Midland,Eastland,Migrate,June
18061,1,1,299,Midland,Midland,Not migrate,January
18114,1,1,137,Midland,Midland,Not migrate,December
18259,1,1,705,Midland,Midland,Not migrate,June
18263,1,3,338,Midland,Southland,Migrate,November
18335,1,2,941,Midland,Eastland,Migrate,April
18352,1,3,661,Midland,Southland,Migrate,September
18365,1,3,336,Midland,Southland,Migrate,September
18472,1,3,431,Midland,Southland,Migrate,February
18504,1,2,268,Midland,Eastland,Migrate,April
18522,1,2,484,Midland,Eastland,Migrate,October
18552,1,2,271,Midland,Eastland,Migrate,June
19182,1,1,385,Midland,Midland,Not migrate,April
19308,1,1,232,Midland,Midland,Not migrate,December
19312,1,2,223,Midland,Eastland,Migrate,November
19868,1,3,485,Midland,Southland,Migrate,April
19910,1,2,173,Midland,Eastland,Migrate,September
19971,1,3,375,Midland,Southland,Migrate,May
20446,1,1,546,Midland,Midland,Not migrate,September
21010,1,3,1708,Midland,Southland,Migrate,November
21089,1,2,291,Midland,Eastland,Migrate,June
21098,1,2,273,Midland,Eastland,Migrate,April
21242,1,3,337,Midland,Southland,Migrate,July
21306,1,3,261,Midland,Southland,Migrate,December
21514,1,2,375,Midland,Eastland,Migrate,August
21528,1,2,306,Midland,Eastland,Migrate,April
21582,1,1,318,Midland,Midland,Not migrate,March
21719,1,3,302,Midland,Southland,Migrate,December
21770,1,2,279,Midland,Eastland,Migrate,August
21939,1,2,1252,Midland,Eastland,Migrate,October
22249,1,1,282,Midland,Midland,Not migrate,November
22302,1,1,293,Midland,Midland,Not migrate,October
22371,1,2,524,Midland,Eastland,Migrate,July
22436,1,1,307,Midland,Midland,Not migrate,May
22536,1,3,229,Midland,Southland,Migrate,March
22612,1,3,536,Midland,Southland,Migrate,January
22880,1,3,296,Midland,Southland,Migrate,August
22886,1,1,472,Midland,Midland,Not migrate,January
22980,1,2,1836,Midland,Eastland,Migrate,September
23042,1,2,169,Midland,Eastland,Migrate,August
23311,1,2,329,Midland,Eastland,Migrate,February
23825,1,3,563,Midland,Southland,Migrate,November
23870,1,2,124,Midland,Eastland,Migrate,September
23873,1,1,770,Midland,Midland,Not migrate,March
23928,1,3,342,Midland,Southland,Migrate,July
24012,1,3,479,Midland,Southland,Migrate,May
24187,1,1,587,Midland,Midland,Not migrate,March
24447,1,2,152,Midland,Eastland,Migrate,December
24649,1,2,383,Midland,Eastland,Migrate,November
24860,1,1,470,Midland,Midland,Not migrate,July
25155,1,3,373,Midland,Southland,Migrate,April
25360,1,1,385,Midland,Midland,Not migrate,March
25502,1,2,365,Midland,Eastland,Migrate,February
25665,1,2,1225,Midland,Eastland,Migrate,April
26556,1,2,548,Midland,Eastland,Migrate,May
26615,1,3,310,Midland,Southland,Migrate,November
27070,1,1,521,Midland,Midland,Not migrate,October
27252,1,2,280,Midland,Eastland,Migrate,June
27534,1,2,181,Midland,Eastland,Migrate,September
27861,1,1,470,Midland,Midland,Not migrate,October
27989,1,2,302,Midland,Eastland,Migrate,July
28192,1,1,408,Midland,Midland,Not migrate,August
28289,1,3,273,Midland,Southland,Migrate,January
28383,1,2,421,Midland,Eastland,Migrate,July
28408,1,3,361,Midland,Southland,Migrate,August
28426,1,2,415,Midland,Eastland,Migrate,October
28553,1,1,383,Midland,Midland,Not migrate,March
28577,1,2,236,Midland,Eastland,Migrate,June
28606,1,2,297,Midland,Eastland,Migrate,April
28653,1,3,358,Midland,Southland,Migrate,June
28715,1,1,524,Midland,Midland,Not migrate,June
28787,1,1,332,Midland,Midland,Not migrate,November
28796,1,3,1853,Midland,Southland,Migrate,July
28864,1,1,269,Midland,Midland,Not migrate,September
28909,1,2,312,Midland,Eastland,Migrate,October
29354,1,1,213,Midland,Midland,Not migrate,February
29445,1,1,2113,Midland,Midland,Not migrate,October
29569,1,1,190,Midland,Midland,Not migrate,October
29676,1,1,410,Midland,Midland,Not migrate,May
29730,1,3,601,Midland,Southland,Migrate,June
29836,1,3,299,Midland,Southland,Migrate,February
29893,1,2,265,Midland,Eastland,Migrate,August
29921,1,1,424,Midland,Midland,Not migrate,February
29958,1,1,227,Midland,Midland,Not migrate,June
30185,1,3,355,Midland,Southland,Migrate,October
30198,1,2,211,Midland,Eastland,Migrate,May
30570,1,3,1217,Midland,Southland,Migrate,July
30692,1,2,439,Midland,Eastland,Migrate,June
31434,1,2,308,Midland,Eastland,Migrate,September
31487,1,1,246,Midland,Midland,Not migrate,October
31853,1,3,206,Midland,Southland,Migrate,September
31873,1,1,401,Midland,Midland,Not migrate,July
32049,1,3,358,Midland,Southland,Migrate,October
32190,1,1,272,Midland,Midland,Not migrate,May
32191,1,1,231,Midland,Midland,Not migrate,March
32328,1,3,823,Midland,Southland,Migrate,February
32490,1,1,199,Midland,Midland,Not migrate,July
32804,1,2,477,Midland,Eastland,Migrate,November
32895,1,2,262,Midland,Eastland,Migrate,June
32956,1,3,627,Midland,Southland,Migrate,December
33050,1,2,1011,Midland,Eastland,Migrate,September
33085,1,3,577,Midland,Southland,Migrate,June
33139,1,2,201,Midland,Eastland,Migrate,January
33379,1,1,224,Midland,Midland,Not migrate,July
33660,1,2,247,Midland,Eastland,Migrate,February
33731,1,3,475,Midland,Southland,Migrate,November
33855,1,2,429,Midland,Eastland,Migrate,July
33946,1,2,325,Midland,Eastland,Migrate,September
33961,1,2,988,Midland,Eastland,Migrate,May
34067,1,2,212,Midland,Eastland,Migrate,June
34251,1,2,301,Midland,Eastland,Migrate,August
34653,1,1,436,Midland,Midland,Not migrate,May
34667,1,3,307,Midland,Southland,Migrate,July
35037,1,2,273,Midland,Eastland,Migrate,October
35086,1,1,701,Midland,Midland,Not migrate,December
35110,1,3,288,Midland,Southland,Migrate,June
35156,1,3,661,Midland,Southland,Migrate,August
35268,1,3,266,Midland,Southland,Migrate,June
35475,1,3,286,Midland,Southland,Migrate,April
35496,1,2,153,Midland,Eastland,Migrate,June
35590,1,1,313,Midland,Midland,Not migrate,February
35897,1,3,240,Midland,Southland,Migrate,July
36184,1,2,328,Midland,Eastland,Migrate,October
36559,1,3,394,Midland,Southland,Migrate,April
36927,1,1,269,Midland,Midland,Not migrate,September
36972,1,2,893,Midland,Eastland,Migrate,April
37062,1,1,258,Midland,Midland,Not migrate,August
37063,1,3,701,Midland,Southland,Migrate,July
37371,1,2,307,Midland,Eastland,Migrate,May
37649,1,1,268,Midland,Midland,Not migrate,November
37672,1,1,660,Midland,Midland,Not migrate,June
37733,1,2,713,Midland,Eastland,Migrate,July
37853,1,1,190,Midland,Midland,Not migrate,September
38025,1,1,893,Midland,Midland,Not migrate,May
38296,1,2,748,Midland,Eastland,Migrate,January
38305,1,3,251,Midland,Southland,Migrate,May
38444,1,1,452,Midland,Midland,Not migrate,September
38801,1,1,371,Midland,Midland,Not migrate,December
39056,1,2,526,Midland,Eastland,Migrate,November
39880,1,2,396,Midland,Eastland,Migrate,October
39979,1,1,573,Midland,Midland,Not migrate,May
40127,1,1,198,Midland,Midland,Not migrate,January
40346,1,1,348,Midland,Midland,Not migrate,November
40528,1,2,287,Midland,Eastland,Migrate,March
40643,1,3,951,Midland,Southland,Migrate,January
40736,1,1,494,Midland,Midland,Not migrate,December
41220,1,1,520,Midland,Midland,Not migrate,December
41260,1,3,217,Midland,Southland,Migrate,July
41280,1,2,509,Midland,Eastland,Migrate,August
41362,1,3,206,Midland,Southland,Migrate,May
41478,1,2,620,Midland,Eastland,Migrate,August
42254,1,2,171,Midland,Eastland,Migrate,February
42443,1,1,496,Midland,Midland,Not migrate,August
42829,1,3,588,Midland,Southland,Migrate,January
43475,1,1,888,Midland,Midland,Not migrate,April
43769,1,2,307,Midland,Eastland,Migrate,October
43776,1,3,292,Midland,Southland,Migrate,June
44202,1,2,277,Midland,Eastland,Migrate,April
44489,1,2,525,Midland,Eastland,Migrate,May
44569,1,1,259,Midland,Midland,Not migrate,November
44863,1,3,285,Midland,Southland,Migrate,May
44902,1,2,225,Midland,Eastland,Migrate,November
45015,1,3,317,Midland,Southland,Migrate,November
45164,1,1,1855,Midland,Midland,Not migrate,April
45172,1,3,325,Midland,Southland,Migrate,October
45203,1,3,375,Midland,Southland,Migrate,August
45218,1,1,343,Midland,Midland,Not migrate,January
45259,1,2,383,Midland,Eastland,Migrate,February
45635,1,2,268,Midland,Eastland,Migrate,April
45688,1,3,464,Midland,Southland,Migrate,February
45743,1,2,1245,Midland,Eastland,Migrate,November
46089,1,3,580,Midland,Southland,Migrate,January
46395,1,3,488,Midland,Southland,Migrate,May
46402,1,1,143,Midland,Midland,Not migrate,August
46595,1,3,191,Midland,Southland,Migrate,November
46806,1,1,318,Midland,Midland,Not migrate,April
46884,1,1,337,Midland,Midland,Not migrate,November
46943,1,2,342,Midland,Eastland,Migrate,October
47533,1,2,281,Midland,Eastland,Migrate,May
47877,1,2,271,Midland,Eastland,Migrate,July
48243,1,3,2344,Midland,Southland,Migrate,May
48549,1,3,195,Midland,Southland,Migrate,November
48563,1,2,385,Midland,Eastland,Migrate,October
48798,1,2,324,Midland,Eastland,Migrate,September
48828,1,3,259,Midland,Southland,Migrate,June
49027,1,2,288,Midland,Eastland,Migrate,January
49097,1,2,641,Midland,Eastland,Migrate,January
49121,1,1,229,Midland,Midland,Not migrate,September
49487,1,3,522,Midland,Southland,Migrate,December
49567,1,3,260,Midland,Southland,Migrate,October
49597,1,2,737,Midland,Eastland,Migrate,April
49680,1,3,1094,Midland,Southland,Migrate,March
50109,1,3,426,Midland,Southland,Migrate,September
50202,1,2,191,Midland,Eastland,Migrate,November
50251,1,2,382,Midland,Eastland,Migrate,July
50447,1,1,547,Midland,Midland,Not migrate,September
50773,1,2,230,Midland,Eastland,Migrate,November
50935,1,2,415,Midland,Eastland,Migrate,November
50985,1,3,238,Midland,Southland,Migrate,January
51021,1,3,455,Midland,Southland,Migrate,August
51060,1,3,979,Midland,Southland,Migrate,December
51096,1,3,458,Midland,Southland,Migrate,October
51209,1,3,211,Midland,Southland,Migrate,June
51509,1,3,246,Midland,Southland,Migrate,February
52292,1,2,255,Midland,Eastland,Migrate,December
52381,1,2,406,Midland,Eastland,Migrate,January
52504,1,3,504,Midland,Southland,Migrate,October
52578,1,1,1101,Midland,Midland,Not migrate,November
52666,1,2,526,Midland,Eastland,Migrate,August
52672,1,1,297,Midland,Midland,Not migrate,July
52693,1,3,458,Midland,Southland,Migrate,February
52810,1,2,187,Midland,Eastland,Migrate,January
53028,1,2,387,Midland,Eastland,Migrate,February
53105,1,3,373,Midland,Southland,Migrate,June
53213,1,2,297,Midland,Eastland,Migrate,March
53651,1,3,568,Midland,Southland,Migrate,July
53849,1,1,332,Midland,Midland,Not migrate,November
54081,1,2,329,Midland,Eastland,Migrate,December
54100,1,1,207,Midland,Midland,Not migrate,April
54115,1,2,314,Midland,Eastland,Migrate,July
54188,1,2,284,Midland,Eastland,Migrate,June
54255,1,3,549,Midland,Southland,Migrate,April
54489,1,2,438,Midland,Eastland,Migrate,April
54494,1,3,223,Midland,Southland,Migrate,May
54807,1,3,638,Midland,Southland,Migrate,October
54818,1,1,192,Midland,Midland,Not migrate,April
54831,1,3,303,Midland,Southland,Migrate,April
55365,1,3,273,Midland,Southland,Migrate,September
55436,1,1,198,Midland,Midland,Not migrate,December
55804,1,1,446,Midland,Midland,Not migrate,October
55907,1,2,511,Midland,Eastland,Migrate,January
56167,1,3,171,Midland,Southland,Migrate,April
56179,1,1,520,Midland,Midland,Not migrate,December
56363,1,1,301,Midland,Midland,Not migrate,May
56926,1,3,809,Midland,Southland,Migrate,January
57043,1,2,217,Midland,Eastland,Migrate,November
57221,1,2,267,Midland,Eastland,Migrate,February
57300,1,2,274,Midland,Eastland,Migrate,October
57600,1,2,1546,Midland,Eastland,Migrate,October
57739,1,3,643,Midland,Southland,Migrate,February
57786,1,3,396,Midland,Southland,Migrate,June
58283,1,3,272,Midland,Southland,Migrate,January
58666,1,2,235,Midland,Eastland,Migrate,June
58802,1,2,395,Midland,Eastland,Migrate,October
58872,1,3,557,Midland,Southland,Migrate,September
59141,1,1,977,Midland,Midland,Not migrate,June
59213,1,2,854,Midland,Eastland,Migrate,May
59235,1,2,371,Midland,Eastland,Migrate,November
59352,1,1,500,Midland,Midland,Not migrate,January
59507,1,2,376,Midland,Eastland,Migrate,February
59545,1,2,201,Midland,Eastland,Migrate,September
59694,1,2,1784,Midland,Eastland,Migrate,June
59748,1,2,144,Midland,Eastland,Migrate,September
59847,1,1,574,Midland,Midland,Not migrate,December
59977,1,3,191,Midland,Southland,Migrate,May
60035,1,1,228,Midland,Midland,Not migrate,February
60481,1,2,266,Midland,Eastland,Migrate,April
60652,1,1,398,Midland,Midland,Not migrate,June
60886,1,2,437,Midland,Eastland,Migrate,February
60909,1,2,993,Midland,Eastland,Migrate,March
60979,1,1,649,Midland,Midland,Not migrate,January
61178,1,2,359,Midland,Eastland,Migrate,June
61627,1,2,755,Midland,Eastland,Migrate,March
61904,1,3,404,Midland,Southland,Migrate,April
62034,1,2,275,Midland,Eastland,Migrate,January
62116,1,2,632,Midland,Eastland,Migrate,January
62226,1,1,714,Midland,Midland,Not migrate,May
62313,1,1,399,Midland,Midland,Not migrate,November
62450,1,3,635,Midland,Southland,Migrate,May
62616,1,3,1067,Midland,Southland,Migrate,September
62758,1,2,504,Midland,Eastland,Migrate,March
62941,1,1,347,Midland,Midland,Not migrate,November
63036,1,3,326,Midland,Southland,Migrate,April
63124,1,3,422,Midland,Southland,Migrate,July
63199,1,1,180,Midland,Midland,Not migrate,June
63441,1,1,305,Midland,Midland,Not migrate,March
63483,1,1,268,Midland,Midland,Not migrate,January
63514,1,2,400,Midland,Eastland,Migrate,July
63845,1,1,316,Midland,Midland,Not migrate,September
64042,1,1,468,Midland,Midland,Not migrate,March
64609,1,3,471,Midland,Southland,Migrate,March
64897,1,1,2124,Midland,Midland,Not migrate,March
64954,1,2,411,Midland,Eastland,Migrate,June
64980,1,2,120,Midland,Eastland,Migrate,June
65269,1,1,316,Midland,Midland,Not migrate,August
65427,1,3,385,Midland,Southland,Migrate,May
65514,1,3,222,Midland,Southland,Migrate,April
65714,1,3,295,Midland,Southland,Migrate,May
65736,1,2,418,Midland,Eastland,Migrate,November
65951,1,3,295,Midland,Southland,Migrate,January
66053,1,3,241,Midland,Southland,Migrate,February
66079,1,3,659,Midland,Southland,Migrate,January
66451,1,1,332,Midland,Midland,Not migrate,April
67040,1,3,556,Midland,Southland,Migrate,September
67066,1,2,379,Midland,Eastland,Migrate,March
67141,1,2,263,Midland,Eastland,Migrate,September
67309,1,2,698,Midland,Eastland,Migrate,August
67452,1,1,265,Midland,Midland,Not migrate,June
67859,1,2,526,Midland,Eastland,Migrate,December
67872,1,1,126,Midland,Midland,Not migrate,October
67913,1,3,433,Midland,Southland,Migrate,November
67976,1,3,209,Midland,Southland,Migrate,September
68139,1,1,426,Midland,Midland,Not migrate,January
68668,1,1,373,Midland,Midland,Not migrate,December
68841,1,1,423,Midland,Midland,Not migrate,February
69083,1,2,191,Midland,Eastland,Migrate,May
69383,1,3,300,Midland,Southland,Migrate,March
69438,1,2,501,Midland,Eastland,Migrate,May
70159,1,3,386,Midland,Southland,Migrate,July
70519,1,2,199,Midland,Eastland,Migrate,April
70550,1,2,1048,Midland,Eastland,Migrate,January
70689,1,2,224,Midland,Eastland,Migrate,February
70694,1,1,134,Midland,Midland,Not migrate,February
70857,1,3,259,Midland,Southland,Migrate,June
71030,1,3,312,Midland,Southland,Migrate,March
71056,1,2,349,Midland,Eastland,Migrate,February
71179,1,2,361,Midland,Eastland,Migrate,July
71315,1,3,184,Midland,Southland,Migrate,January
71557,1,3,420,Midland,Southland,Migrate,April
72453,1,2,647,Midland,Eastland,Migrate,March
72629,1,3,786,Midland,Southland,Migrate,April
72774,1,1,478,Midland,Midland,Not migrate,March
72800,1,3,1019,Midland,Southland,Migrate,July
72905,1,3,529,Midland,Southland,Migrate,March
73021,1,3,799,Midland,Southland,Migrate,February
73430,1,3,484,Midland,Southland,Migrate,July
73829,1,2,457,Midland,Eastland,Migrate,November
73897,1,3,162,Midland,Southland,Migrate,February
74052,1,2,392,Midland,Eastland,Migrate,February
74144,1,3,341,Midland,Southland,Migrate,July
74190,1,1,294,Midland,Midland,Not migrate,September
74207,1,2,325,Midland,Eastland,Migrate,January
74395,1,2,274,Midland,Eastland,Migrate,February
74504,1,1,262,Midland,Midland,Not migrate,April
74638,1,3,236,Midland,Southland,Migrate,June
75016,1,2,267,Midland,Eastland,Migrate,April
75366,1,2,505,Midland,Eastland,Migrate,October
75405,1,2,338,Midland,Eastland,Migrate,February
75488,1,3,236,Midland,Southland,Migrate,December
75493,1,1,289,Midland,Midland,Not migrate,November
75573,1,3,782,Midland,Southland,Migrate,April
75648,1,3,439,Midland,Southland,Migrate,October
75859,1,1,295,Midland,Midland,Not migrate,March
75896,1,2,268,Midland,Eastland,Migrate,January
75969,1,1,245,Midland,Midland,Not migrate,February
75978,1,1,716,Midland,Midland,Not migrate,January
76256,1,2,243,Midland,Eastland,Migrate,June
76315,1,1,655,Midland,Midland,Not migrate,May
76384,1,2,449,Midland,Eastland,Migrate,January
76437,1,3,200,Midland,Southland,Migrate,May
76482,1,1,500,Midland,Midland,Not migrate,May
76486,1,2,266,Midland,Eastland,Migrate,February
76587,1,3,440,Midland,Southland,Migrate,July
76629,1,2,981,Midland,Eastland,Migrate,July
76749,1,2,228,Midland,Eastland,Migrate,February
77226,1,1,478,Midland,Midland,Not migrate,May
77239,1,2,325,Midland,Eastland,Migrate,October
77249,1,2,465,Midland,Eastland,Migrate,September
77260,1,1,364,Midland,Midland,Not migrate,September
77280,1,2,419,Midland,Eastland,Migrate,July
77367,1,2,461,Midland,Eastland,Migrate,February
77515,1,3,358,Midland,Southland,Migrate,June
77600,1,1,406,Midland,Midland,Not migrate,December
77644,1,3,875,Midland,Southland,Migrate,January
77799,1,1,476,Midland,Midland,Not migrate,October
77866,1,1,1054,Midland,Midland,Not migrate,December
78009,1,3,755,Midland,Southland,Migrate,July
78112,1,1,173,Midland,Midland,Not migrate,February
78298,1,1,539,Midland,Midland,Not migrate,September
78722,1,2,663,Midland,Eastland,Migrate,February
78940,1,2,197,Midland,Eastland,Migrate,February
79151,1,2,453,Midland,Eastland,Migrate,October
80028,1,1,398,Midland,Midland,Not migrate,July
80074,1,2,267,Midland,Eastland,Migrate,August
80144,1,3,233,Midland,Southland,Migrate,January
80146,1,2,356,Midland,Eastland,Migrate,October
80495,1,3,508,Midland,Southland,Migrate,March
80616,1,2,770,Midland,Eastland,Migrate,May
81054,1,2,214,Midland,Eastland,Migrate,April
81433,1,2,386,Midland,Eastland,Migrate,August
81605,1,2,255,Midland,Eastland,Migrate,September
81765,1,2,373,Midland,Eastland,Migrate,November
81884,1,2,219,Midland,Eastland,Migrate,June
82155,1,2,154,Midland,Eastland,Migrate,November
82450,1,2,1219,Midland,Eastland,Migrate,August
82531,1,1,517,Midland,Midland,Not migrate,September
82587,1,2,295,Midland,Eastland,Migrate,May
83086,1,3,143,Midland,Southland,Migrate,June
83203,1,1,400,Midland,Midland,Not migrate,August
83422,1,2,205,Midland,Eastland,Migrate,June
83781,1,3,432,Midland,Southland,Migrate,May
83845,1,2,192,Midland,Eastland,Migrate,October
83949,1,1,207,Midland,Midland,Not migrate,May
83965,1,1,684,Midland,Midland,Not migrate,March
84337,1,3,364,Midland,Southland,Migrate,February
84431,1,3,1371,Midland,Southland,Migrate,April
84621,1,2,147,Midland,Eastland,Migrate,October
84704,1,3,382,Midland,Southland,Migrate,June
85035,1,1,241,Midland,Midland,Not migrate,April
85318,1,3,389,Midland,Southland,Migrate,June
85595,1,3,325,Midland,Southland,Migrate,May
85596,1,2,1039,Midland,Eastland,Migrate,September
85724,1,2,1070,Midland,Eastland,Migrate,February
85828,1,2,443,Midland,Eastland,Migrate,February
85900,1,2,702,Midland,Eastland,Migrate,October
85997,1,2,244,Midland,Eastland,Migrate,April
86483,1,2,297,Midland,Eastland,Migrate,December
86811,1,3,361,Midland,Southland,Migrate,August
86989,1,3,587,Midland,Southland,Migrate,March
87022,1,1,366,Midland,Midland,Not migrate,June
87033,1,2,403,Midland,Eastland,Migrate,June
87129,1,3,271,Midland,Southland,Migrate,May
87345,1,2,275,Midland,Eastland,Migrate,January
87358,1,2,674,Midland,Eastland,Migrate,July
87414,1,2,408,Midland,Eastland,Migrate,September
87471,1,3,203,Midland,Southland,Migrate,February
87865,1,1,425,Midland,Midland,Not migrate,August
87905,1,1,374,Midland,Midland,Not migrate,March
88037,1,2,545,Midland,Eastland,Migrate,July
88209,1,3,710,Midland,Southland,Migrate,February
88396,1,2,576,Midland,Eastland,Migrate,September
88475,1,1,607,Midland,Midland,Not migrate,April
88674,1,3,346,Midland,Southland,Migrate,April
88820,1,1,372,Midland,Midland,Not migrate,May
88858,1,1,224,Midland,Midland,Not migrate,June
88868,1,1,1034,Midland,Midland,Not migrate,December
88901,1,2,439,Midland,Eastland,Migrate,October
89106,1,2,224,Midland,Eastland,Migrate,February
89337,1,1,264,Midland,Midland,Not migrate,January
89482,1,1,410,Midland,Midland,Not migrate,November
89990,1,2,292,Midland,Eastland,Migrate,July
90016,1,2,499,Midland,Eastland,Migrate,February
90170,1,2,465,Midland,Eastland,Migrate,May
90179,1,2,143,Midland,Eastland,Migrate,October
90187,1,2,285,Midland,Eastland,Migrate,November
90208,1,3,321,Midland,Southland,Migrate,July
90474,1,3,700,Midland,Southland,Migrate,June
90560,1,1,308,Midland,Midland,Not migrate,July
90598,1,3,829,Midland,Southland,Migrate,June
90714,1,3,535,Midland,Southland,Migrate,November
90734,1,1,1150,Midland,Midland,Not migrate,August
91234,1,2,263,Midland,Eastland,Migrate,July
91258,1,3,421,Midland,Southland,Migrate,November
91462,1,2,347,Midland,Eastland,Migrate,September
91518,1,1,1197,Midland,Midland,Not migrate,February
91649,1,2,1053,Midland,Eastland,Migrate,March
91810,1,2,310,Midland,Eastland,Migrate,February
91908,1,1,387,Midland,Midland,Not migrate,November
92788,1,3,1031,Midland,Southland,Migrate,January
93071,1,2,489,Midland,Eastland,Migrate,May
93467,1,1,488,Midland,Midland,Not migrate,October
93796,1,3,303,Midland,Southland,Migrate,May
93873,1,1,198,Midland,Midland,Not migrate,March
94348,1,2,376,Midland,Eastland,Migrate,September
95266,1,2,421,Midland,Eastland,Migrate,August
95281,1,3,572,Midland,Southland,Migrate,December
95292,1,3,432,Midland,Southland,Migrate,March
95447,1,1,707,Midland,Midland,Not migrate,April
95634,1,2,753,Midland,Eastland,Migrate,July
95707,1,3,316,Midland,Southland,Migrate,June
96118,1,1,179,Midland,Midland,Not migrate,April
96206,1,2,277,Midland,Eastland,Migrate,July
96208,1,2,471,Midland,Eastland,Migrate,June
96310,1,2,557,Midland,Eastland,Migrate,November
96868,1,2,168,Midland,Eastland,Migrate,March
97017,1,3,466,Midland,Southland,Migrate,October
97169,1,3,550,Midland,Southland,Migrate,December
97588,1,1,570,Midland,Midland,Not migrate,February
97889,1,2,195,Midland,Eastland,Migrate,February
98076,1,3,542,Midland,Southland,Migrate,June
98438,1,2,561,Midland,Eastland,Migrate,September
98611,1,3,526,Midland,Southland,Migrate,September
98617,1,3,252,Midland,Southland,Migrate,February
99109,1,2,235,Midland,Eastland,Migrate,October
99351,1,3,306,Midland,Southland,Migrate,February
99480,1,1,245,Midland,Midland,Not migrate,March
99502,1,1,366,Midland,Midland,Not migrate,January
99597,1,3,815,Midland,Southland,Migrate,May
99771,1,1,1285,Midland,Midland,Not migrate,December
99826,1,3,445,Midland,Southland,Migrate,October
99858,1,2,453,Midland,Eastland,Migrate,September
99879,1,3,323,Midland,Southland,Migrate,October
64,2,1,457,Eastland,Midland,Migrate,January
84,2,2,1272,Eastland,Eastland,Not migrate,August
116,2,2,411,Eastland,Eastland,Not migrate,November
376,2,2,1167,Eastland,Eastland,Not migrate,October
668,2,3,251,Eastland,Southland,Migrate,May
696,2,2,557,Eastland,Eastland,Not migrate,June
1006,2,2,458,Eastland,Eastland,Not migrate,February
1100,2,2,163,Eastland,Eastland,Not migrate,November
1140,2,3,158,Eastland,Southland,Migrate,March
1617,2,2,403,Eastland,Eastland,Not migrate,March
1899,2,2,1079,Eastland,Eastland,Not migrate,July
1905,2,3,387,Eastland,Southland,Migrate,July
1929,2,3,499,Eastland,Southland,Migrate,September
2000,2,2,250,Eastland,Eastland,Not migrate,February
2071,2,3,312,Eastland,Southland,Migrate,July
2173,2,1,464,Eastland,Midland,Migrate,May
2490,2,1,293,Eastland,Midland,Migrate,February
2533,2,1,480,Eastland,Midland,Migrate,October
2675,2,2,293,Eastland,Eastland,Not migrate,October
2840,2,1,389,Eastland,Midland,Migrate,April
2923,2,3,245,Eastland,Southland,Migrate,November
3214,2,1,159,Eastland,Midland,Migrate,November
3608,2,2,188,Eastland,Eastland,Not migrate,April
3755,2,3,281,Eastland,Southland,Migrate,March
3917,2,1,214,Eastland,Midland,Migrate,February
4013,2,2,521,Eastland,Eastland,Not migrate,January
4079,2,2,890,Eastland,Eastland,Not migrate,January
4125,2,2,238,Eastland,Eastland,Not migrate,March
4132,2,1,271,Eastland,Midland,Migrate,March
4461,2,2,617,Eastland,Eastland,Not migrate,May
4820,2,2,663,Eastland,Eastland,Not migrate,March
5016,2,2,712,Eastland,Eastland,Not migrate,June
5155,2,1,446,Eastland,Midland,Migrate,October
5638,2,1,247,Eastland,Midland,Migrate,September
6162,2,1,522,Eastland,Midland,Migrate,September
6170,2,1,193,Eastland,Midland,Migrate,November
6342,2,2,224,Eastland,Eastland,Not migrate,April
6487,2,1,321,Eastland,Midland,Migrate,November
6759,2,2,369,Eastland,Eastland,Not migrate,September
6851,2,2,328,Eastland,Eastland,Not migrate,September
6866,2,1,292,Eastland,Midland,Migrate,November
7336,2,2,395,Eastland,Eastland,Not migrate,July
7359,2,1,371,Eastland,Midland,Migrate,February
7500,2,2,296,Eastland,Eastland,Not migrate,November
7516,2,3,351,Eastland,Southland,Migrate,January
7778,2,2,265,Eastland,Eastland,Not migrate,March
7819,2,2,1857,Eastland,Eastland,Not migrate,April
7904,2,1,603,Eastland,Midland,Migrate,January
8149,2,2,228,Eastland,Eastland,Not migrate,January
8228,2,1,983,Eastland,Midland,Migrate,August
8230,2,1,826,Eastland,Midland,Migrate,November
8266,2,2,648,Eastland,Eastland,Not migrate,May
8847,2,3,509,Eastland,Southland,Migrate,August
9173,2,3,429,Eastland,Southland,Migrate,May
9469,2,2,668,Eastland,Eastland,Not migrate,March
9521,2,3,796,Eastland,Southland,Migrate,April
9543,2,2,465,Eastland,Eastland,Not migrate,March
9551,2,3,309,Eastland,Southland,Migrate,December
9557,2,1,178,Eastland,Midland,Migrate,August
9569,2,3,766,Eastland,Southland,Migrate,February
9946,2,2,393,Eastland,Eastland,Not migrate,August
10022,2,1,171,Eastland,Midland,Migrate,February
10066,2,2,198,Eastland,Eastland,Not migrate,September
10255,2,2,362,Eastland,Eastland,Not migrate,October
10359,2,2,863,Eastland,Eastland,Not migrate,January
10450,2,3,517,Eastland,Southland,Migrate,May
10457,2,3,537,Eastland,Southland,Migrate,April
10458,2,3,252,Eastland,Southland,Migrate,December
10483,2,3,310,Eastland,Southland,Migrate,November
10700,2,1,175,Eastland,Midland,Migrate,January
10819,2,2,329,Eastland,Eastland,Not migrate,April
11079,2,2,324,Eastland,Eastland,Not migrate,December
11141,2,3,621,Eastland,Southland,Migrate,May
11156,2,2,330,Eastland,Eastland,Not migrate,December
11388,2,2,584,Eastland,Eastland,Not migrate,March
11399,2,1,487,Eastland,Midland,Migrate,March
11708,2,1,390,Eastland,Midland,Migrate,September
11930,2,2,209,Eastland,Eastland,Not migrate,April
12144,2,3,330,Eastland,Southland,Migrate,December
12395,2,3,212,Eastland,Southland,Migrate,July
12478,2,1,1046,Eastland,Midland,Migrate,June
12817,2,1,466,Eastland,Midland,Migrate,December
12932,2,2,427,Eastland,Eastland,Not migrate,August
13032,2,1,1169,Eastland,Midland,Migrate,August
13161,2,1,438,Eastland,Midland,Migrate,September
13247,2,3,303,Eastland,Southland,Migrate,April
13916,2,3,385,Eastland,Southland,Migrate,December
13965,2,1,334,Eastland,Midland,Migrate,May
14113,2,2,1791,Eastland,Eastland,Not migrate,October
14362,2,1,183,Eastland,Midland,Migrate,August
14392,2,2,240,Eastland,Eastland,Not migrate,September
14452,2,2,182,Eastland,Eastland,Not migrate,December
14779,2,2,760,Eastland,Eastland,Not migrate,April
14791,2,2,228,Eastland,Eastland,Not migrate,March
14815,2,2,386,Eastland,Eastland,Not migrate,July
14895,2,3,198,Eastland,Southland,Migrate,April
14987,2,1,191,Eastland,Midland,Migrate,April
15519,2,2,552,Eastland,Eastland,Not migrate,March
15593,2,2,378,Eastland,Eastland,Not migrate,February
15953,2,1,488,Eastland,Midland,Migrate,April
15965,2,1,280,Eastland,Midland,Migrate,September
16023,2,3,265,Eastland,Southland,Migrate,January
16192,2,2,166,Eastland,Eastland,Not migrate,November
16936,2,2,279,Eastland,Eastland,Not migrate,December
17059,2,2,491,Eastland,Eastland,Not migrate,March
17151,2,1,600,Eastland,Midland,Migrate,November
17158,2,3,281,Eastland,Southland,Migrate,August
17388,2,2,499,Eastland,Eastland,Not migrate,December
17630,2,3,244,Eastland,Southland,Migrate,October
17651,2,2,1097,Eastland,Eastland,Not migrate,September
17661,2,2,216,Eastland,Eastland,Not migrate,April
17834,2,1,354,Eastland,Midland,Migrate,April
17867,2,1,417,Eastland,Midland,Migrate,December
17882,2,1,553,Eastland,Midland,Migrate,November
17942,2,2,1123,Eastland,Eastland,Not migrate,November
18002,2,2,242,Eastland,Eastland,Not migrate,April
18231,2,3,256,Eastland,Southland,Migrate,June
18288,2,3,494,Eastland,Southland,Migrate,January
18571,2,2,516,Eastland,Eastland,Not migrate,September
18628,2,1,352,Eastland,Midland,Migrate,June
18918,2,2,347,Eastland,Eastland,Not migrate,April
18932,2,2,415,Eastland,Eastland,Not migrate,May
19018,2,2,264,Eastland,Eastland,Not migrate,October
19047,2,3,635,Eastland,Southland,Migrate,February
19220,2,2,757,Eastland,Eastland,Not migrate,December
19948,2,1,397,Eastland,Midland,Migrate,January
20059,2,2,259,Eastland,Eastland,Not migrate,December
20111,2,1,309,Eastland,Midland,Migrate,February
20679,2,1,494,Eastland,Midland,Migrate,November
21020,2,1,304,Eastland,Midland,Migrate,May
21402,2,1,392,Eastland,Midland,Migrate,March
21445,2,2,512,Eastland,Eastland,Not migrate,January
21569,2,2,336,Eastland,Eastland,Not migrate,October
21927,2,3,364,Eastland,Southland,Migrate,August
22096,2,3,219,Eastland,Southland,Migrate,October
22328,2,3,1025,Eastland,Southland,Migrate,December
22531,2,1,331,Eastland,Midland,Migrate,May
22832,2,1,376,Eastland,Midland,Migrate,November
22959,2,3,2130,Eastland,Southland,Migrate,December
22963,2,2,576,Eastland,Eastland,Not migrate,August
23103,2,2,319,Eastland,Eastland,Not migrate,October
23621,2,2,559,Eastland,Eastland,Not migrate,December
23770,2,3,326,Eastland,Southland,Migrate,February
23807,2,1,307,Eastland,Midland,Migrate,April
24096,2,2,510,Eastland,Eastland,Not migrate,March
24190,2,1,418,Eastland,Midland,Migrate,December
24260,2,2,177,Eastland,Eastland,Not migrate,August
24271,2,3,437,Eastland,Southland,Migrate,May
24527,2,2,635,Eastland,Eastland,Not migrate,August
24671,2,3,387,Eastland,Southland,Migrate,October
24702,2,3,335,Eastland,Southland,Migrate,February
24902,2,2,288,Eastland,Eastland,Not migrate,August
25115,2,2,275,Eastland,Eastland,Not migrate,August
25553,2,3,250,Eastland,Southland,Migrate,November
25722,2,2,277,Eastland,Eastland,Not migrate,June
25895,2,3,252,Eastland,Southland,Migrate,June
25959,2,1,482,Eastland,Midland,Migrate,May
26111,2,1,184,Eastland,Midland,Migrate,January
26652,2,1,502,Eastland,Midland,Migrate,February
26678,2,3,1030,Eastland,Southland,Migrate,November
26797,2,2,847,Eastland,Eastland,Not migrate,May
26823,2,1,370,Eastland,Midland,Migrate,November
26915,2,2,435,Eastland,Eastland,Not migrate,July
26967,2,2,1304,Eastland,Eastland,Not migrate,November
28025,2,1,249,Eastland,Midland,Migrate,January
28090,2,1,207,Eastland,Midland,Migrate,November
28162,2,2,463,Eastland,Eastland,Not migrate,December
28547,2,2,472,Eastland,Eastland,Not migrate,February
28661,2,2,418,Eastland,Eastland,Not migrate,December
28929,2,2,1103,Eastland,Eastland,Not migrate,June
28955,2,2,205,Eastland,Eastland,Not migrate,December
29052,2,1,241,Eastland,Midland,Migrate,September
29108,2,1,390,Eastland,Midland,Migrate,February
29215,2,2,380,Eastland,Eastland,Not migrate,July
29585,2,1,253,Eastland,Midland,Migrate,April
29652,2,3,243,Eastland,Southland,Migrate,July
29659,2,1,362,Eastland,Midland,Migrate,October
30326,2,1,623,Eastland,Midland,Migrate,March
30414,2,2,450,Eastland,Eastland,Not migrate,September
30730,2,3,180,Eastland,Southland,Migrate,September
31085,2,2,291,Eastland,Eastland,Not migrate,July
31100,2,2,599,Eastland,Eastland,Not migrate,October
31380,2,2,142,Eastland,Eastland,Not migrate,April
31413,2,3,545,Eastland,Southland,Migrate,March
31424,2,1,127,Eastland,Midland,Migrate,October
31478,2,2,220,Eastland,Eastland,Not migrate,October
31960,2,2,376,Eastland,Eastland,Not migrate,September
32033,2,2,356,Eastland,Eastland,Not migrate,August
32054,2,2,244,Eastland,Eastland,Not migrate,March
32232,2,2,233,Eastland,Eastland,Not migrate,March
32311,2,2,170,Eastland,Eastland,Not migrate,October
32462,2,3,275,Eastland,Southland,Migrate,September
32987,2,1,883,Eastland,Midland,Migrate,November
33209,2,3,525,Eastland,Southland,Migrate,August
33689,2,3,567,Eastland,Southland,Migrate,December
33861,2,3,351,Eastland,Southland,Migrate,November
34534,2,3,503,Eastland,Southland,Migrate,May
34552,2,2,786,Eastland,Eastland,Not migrate,June
34577,2,3,190,Eastland,Southland,Migrate,July
34614,2,2,820,Eastland,Eastland,Not migrate,February
34936,2,2,436,Eastland,Eastland,Not migrate,May
34965,2,1,188,Eastland,Midland,Migrate,April
35200,2,2,1124,Eastland,Eastland,Not migrate,September
35463,2,1,594,Eastland,Midland,Migrate,December
35467,2,1,764,Eastland,Midland,Migrate,July
35472,2,3,384,Eastland,Southland,Migrate,July
35958,2,2,283,Eastland,Eastland,Not migrate,February
35973,2,3,160,Eastland,Southland,Migrate,April
36014,2,1,332,Eastland,Midland,Migrate,October
36056,2,2,321,Eastland,Eastland,Not migrate,October
36060,2,2,551,Eastland,Eastland,Not migrate,June
36090,2,3,490,Eastland,Southland,Migrate,September
36162,2,1,162,Eastland,Midland,Migrate,January
36252,2,1,256,Eastland,Midland,Migrate,January
36299,2,1,462,Eastland,Midland,Migrate,April
36406,2,1,253,Eastland,Midland,Migrate,October
36469,2,1,676,Eastland,Midland,Migrate,January
36618,2,2,306,Eastland,Eastland,Not migrate,January
36710,2,3,370,Eastland,Southland,Migrate,December
36809,2,2,190,Eastland,Eastland,Not migrate,July
36984,2,3,208,Eastland,Southland,Migrate,June
37064,2,3,360,Eastland,Southland,Migrate,August
37168,2,3,511,Eastland,Southland,Migrate,June
37171,2,1,567,Eastland,Midland,Migrate,October
37596,2,2,188,Eastland,Eastland,Not migrate,December
37625,2,2,290,Eastland,Eastland,Not migrate,October
37749,2,2,335,Eastland,Eastland,Not migrate,December
37938,2,2,465,Eastland,Eastland,Not migrate,August
38112,2,1,543,Eastland,Midland,Migrate,August
38179,2,2,222,Eastland,Eastland,Not migrate,January
38320,2,2,475,Eastland,Eastland,Not migrate,July
38382,2,2,361,Eastland,Eastland,Not migrate,June
38414,2,3,236,Eastland,Southland,Migrate,November
38659,2,3,390,Eastland,Southland,Migrate,December
38864,2,3,202,Eastland,Southland,Migrate,October
38911,2,3,238,Eastland,Southland,Migrate,October
38933,2,1,401,Eastland,Midland,Migrate,March
38985,2,2,181,Eastland,Eastland,Not migrate,April
39130,2,2,264,Eastland,Eastland,Not migrate,January
39215,2,2,247,Eastland,Eastland,Not migrate,November
39307,2,2,187,Eastland,Eastland,Not migrate,June
39891,2,1,452,Eastland,Midland,Migrate,February
40061,2,2,276,Eastland,Eastland,Not migrate,February
40107,2,1,1124,Eastland,Midland,Migrate,August
40192,2,3,1965,Eastland,Southland,Migrate,September
40193,2,2,555,Eastland,Eastland,Not migrate,June
40199,2,2,311,Eastland,Eastland,Not migrate,January
40305,2,2,461,Eastland,Eastland,Not migrate,February
41095,2,2,1077,Eastland,Eastland,Not migrate,April
41133,2,3,217,Eastland,Southland,Migrate,December
41363,2,1,518,Eastland,Midland,Migrate,March
41721,2,1,166,Eastland,Midland,Migrate,March
41930,2,1,516,Eastland,Midland,Migrate,December
42077,2,3,267,Eastland,Southland,Migrate,December
42099,2,2,845,Eastland,Eastland,Not migrate,November
42336,2,2,182,Eastland,Eastland,Not migrate,September
42515,2,1,284,Eastland,Midland,Migrate,December
42658,2,2,559,Eastland,Eastland,Not migrate,March
42825,2,2,440,Eastland,Eastland,Not migrate,June
43010,2,2,302,Eastland,Eastland,Not migrate,December
43079,2,1,564,Eastland,Midland,Migrate,May
43237,2,2,287,Eastland,Eastland,Not migrate,January
43300,2,1,403,Eastland,Midland,Migrate,September
43486,2,1,706,Eastland,Midland,Migrate,August
44153,2,1,419,Eastland,Midland,Migrate,February
44194,2,1,363,Eastland,Midland,Migrate,February
44295,2,3,315,Eastland,Southland,Migrate,June
44392,2,3,252,Eastland,Southland,Migrate,February
44620,2,1,283,Eastland,Midland,Migrate,November
44778,2,1,550,Eastland,Midland,Migrate,July
45039,2,1,1007,Eastland,Midland,Migrate,April
45088,2,3,295,Eastland,Southland,Migrate,September
45374,2,2,820,Eastland,Eastland,Not migrate,March
45532,2,3,201,Eastland,Southland,Migrate,May
45566,2,1,603,Eastland,Midland,Migrate,October
45705,2,3,294,Eastland,Southland,Migrate,July
45719,2,2,453,Eastland,Eastland,Not migrate,January
45863,2,1,639,Eastland,Midland,Migrate,June
46202,2,3,547,Eastland,Southland,Migrate,April
46271,2,2,221,Eastland,Eastland,Not migrate,August
46383,2,2,470,Eastland,Eastland,Not migrate,January
46598,2,3,453,Eastland,Southland,Migrate,July
46702,2,2,270,Eastland,Eastland,Not migrate,October
46776,2,2,848,Eastland,Eastland,Not migrate,October
46863,2,1,1289,Eastland,Midland,Migrate,February
47033,2,3,385,Eastland,Southland,Migrate,August
47309,2,1,257,Eastland,Midland,Migrate,April
47311,2,2,545,Eastland,Eastland,Not migrate,October
47468,2,1,587,Eastland,Midland,Migrate,November
47507,2,2,286,Eastland,Eastland,Not migrate,June
47591,2,3,240,Eastland,Southland,Migrate,November
47769,2,1,183,Eastland,Midland,Migrate,September
48080,2,3,268,Eastland,Southland,Migrate,June
48096,2,2,377,Eastland,Eastland,Not migrate,October
48479,2,2,308,Eastland,Eastland,Not migrate,October
48936,2,3,592,Eastland,Southland,Migrate,July
49031,2,1,695,Eastland,Midland,Migrate,October
49142,2,1,374,Eastland,Midland,Migrate,January
49280,2,3,423,Eastland,Southland,Migrate,June
49739,2,2,427,Eastland,Eastland,Not migrate,June
50084,2,3,470,Eastland,Southland,Migrate,September
50105,2,3,2466,Eastland,Southland,Migrate,December
50280,2,2,252,Eastland,Eastland,Not migrate,April
50420,2,3,327,Eastland,Southland,Migrate,December
50593,2,3,388,Eastland,Southland,Migrate,January
50742,2,1,195,Eastland,Midland,Migrate,August
50769,2,3,603,Eastland,Southland,Migrate,October
50787,2,2,428,Eastland,Eastland,Not migrate,May
50810,2,2,982,Eastland,Eastland,Not migrate,May
50852,2,2,242,Eastland,Eastland,Not migrate,November
51029,2,2,365,Eastland,Eastland,Not migrate,November
51222,2,1,352,Eastland,Midland,Migrate,April
51433,2,2,610,Eastland,Eastland,Not migrate,March
51545,2,2,502,Eastland,Eastland,Not migrate,June
51766,2,3,283,Eastland,Southland,Migrate,September
51826,2,3,622,Eastland,Southland,Migrate,October
51890,2,2,605,Eastland,Eastland,Not migrate,February
51949,2,2,217,Eastland,Eastland,Not migrate,April
52555,2,1,781,Eastland,Midland,Migrate,April
52575,2,1,281,Eastland,Midland,Migrate,February
52945,2,1,441,Eastland,Midland,Migrate,October
52950,2,3,1052,Eastland,Southland,Migrate,October
53032,2,1,190,Eastland,Midland,Migrate,November
53306,2,1,1049,Eastland,Midland,Migrate,August
53447,2,2,252,Eastland,Eastland,Not migrate,December
53503,2,3,357,Eastland,Southland,Migrate,April
53548,2,2,466,Eastland,Eastland,Not migrate,March
53617,2,1,319,Eastland,Midland,Migrate,April
53645,2,2,1050,Eastland,Eastland,Not migrate,February
53723,2,1,556,Eastland,Midland,Migrate,May
53776,2,2,195,Eastland,Eastland,Not migrate,February
53846,2,3,516,Eastland,Southland,Migrate,October
54535,2,1,469,Eastland,Midland,Migrate,December
54850,2,1,259,Eastland,Midland,Migrate,November
55244,2,3,393,Eastland,Southland,Migrate,April
55250,2,1,282,Eastland,Midland,Migrate,October
55331,2,3,145,Eastland,Southland,Migrate,March
55414,2,1,1137,Eastland,Midland,Migrate,August
55627,2,2,531,Eastland,Eastland,Not migrate,December
55664,2,2,235,Eastland,Eastland,Not migrate,June
55699,2,1,424,Eastland,Midland,Migrate,July
55968,2,1,369,Eastland,Midland,Migrate,August
56262,2,1,341,Eastland,Midland,Migrate,February
56615,2,1,208,Eastland,Midland,Migrate,May
56754,2,2,613,Eastland,Eastland,Not migrate,June
56833,2,2,353,Eastland,Eastland,Not migrate,July
56992,2,2,834,Eastland,Eastland,Not migrate,December
57073,2,1,254,Eastland,Midland,Migrate,August
57109,2,3,256,Eastland,Southland,Migrate,June
57201,2,2,271,Eastland,Eastland,Not migrate,October
57437,2,3,247,Eastland,Southland,Migrate,January
57456,2,2,322,Eastland,Eastland,Not migrate,December
57642,2,1,443,Eastland,Midland,Migrate,February
57679,2,2,385,Eastland,Eastland,Not migrate,February
57834,2,2,680,Eastland,Eastland,Not migrate,March
58088,2,1,772,Eastland,Midland,Migrate,November
58157,2,2,177,Eastland,Eastland,Not migrate,May
58305,2,2,252,Eastland,Eastland,Not migrate,August
58317,2,2,758,Eastland,Eastland,Not migrate,May
58493,2,2,249,Eastland,Eastland,Not migrate,May
58623,2,2,330,Eastland,Eastland,Not migrate,April
58670,2,2,244,Eastland,Eastland,Not migrate,September
58674,2,1,372,Eastland,Midland,Migrate,July
58719,2,2,193,Eastland,Eastland,Not migrate,December
58754,2,2,617,Eastland,Eastland,Not migrate,July
58783,2,1,994,Eastland,Midland,Migrate,April
58811,2,3,264,Eastland,Southland,Migrate,October
59143,2,2,278,Eastland,Eastland,Not migrate,February
59165,2,2,211,Eastland,Eastland,Not migrate,June
59440,2,2,223,Eastland,Eastland,Not migrate,May
59541,2,2,454,Eastland,Eastland,Not migrate,July
59581,2,2,317,Eastland,Eastland,Not migrate,March
59857,2,2,300,Eastland,Eastland,Not migrate,August
60097,2,2,336,Eastland,Eastland,Not migrate,September
60347,2,2,262,Eastland,Eastland,Not migrate,February
60417,2,2,498,Eastland,Eastland,Not migrate,August
60424,2,1,330,Eastland,Midland,Migrate,April
60466,2,1,619,Eastland,Midland,Migrate,August
60563,2,2,593,Eastland,Eastland,Not migrate,December
61025,2,2,536,Eastland,Eastland,Not migrate,January
61198,2,1,403,Eastland,Midland,Migrate,October
61475,2,2,412,Eastland,Eastland,Not migrate,October
61528,2,1,379,Eastland,Midland,Migrate,May
61680,2,2,425,Eastland,Eastland,Not migrate,December
61685,2,3,206,Eastland,Southland,Migrate,August
61839,2,2,216,Eastland,Eastland,Not migrate,June
61999,2,1,169,Eastland,Midland,Migrate,July
62003,2,1,257,Eastland,Midland,Migrate,July
62260,2,2,496,Eastland,Eastland,Not migrate,December
62472,2,2,346,Eastland,Eastland,Not migrate,July
62477,2,3,209,Eastland,Southland,Migrate,November
62483,2,3,128,Eastland,Southland,Migrate,February
62523,2,1,456,Eastland,Midland,Migrate,July
62827,2,3,395,Eastland,Southland,Migrate,March
63106,2,1,386,Eastland,Midland,Migrate,March
63317,2,2,712,Eastland,Eastland,Not migrate,March
63700,2,2,1742,Eastland,Eastland,Not migrate,August
63900,2,1,427,Eastland,Midland,Migrate,March
64021,2,2,969,Eastland,Eastland,Not migrate,March
64076,2,3,446,Eastland,Southland,Migrate,October
64116,2,2,192,Eastland,Eastland,Not migrate,November
64425,2,3,519,Eastland,Southland,Migrate,August
64819,2,2,380,Eastland,Eastland,Not migrate,March
64958,2,1,367,Eastland,Midland,Migrate,September
65499,2,1,392,Eastland,Midland,Migrate,July
65611,2,2,245,Eastland,Eastland,Not migrate,January
66117,2,2,430,Eastland,Eastland,Not migrate,June
66185,2,2,430,Eastland,Eastland,Not migrate,April
66373,2,3,605,Eastland,Southland,Migrate,August
66500,2,1,170,Eastland,Midland,Migrate,May
66594,2,1,338,Eastland,Midland,Migrate,February
66652,2,2,422,Eastland,Eastland,Not migrate,March
66703,2,2,408,Eastland,Eastland,Not migrate,February
67258,2,2,544,Eastland,Eastland,Not migrate,June
67544,2,1,291,Eastland,Midland,Migrate,July
67705,2,3,507,Eastland,Southland,Migrate,August
68446,2,1,214,Eastland,Midland,Migrate,February
68523,2,2,482,Eastland,Eastland,Not migrate,June
68715,2,2,625,Eastland,Eastland,Not migrate,October
68806,2,2,483,Eastland,Eastland,Not migrate,August
68813,2,3,253,Eastland,Southland,Migrate,May
68961,2,3,238,Eastland,Southland,Migrate,December
69072,2,1,359,Eastland,Midland,Migrate,October
69418,2,1,497,Eastland,Midland,Migrate,March
69436,2,3,314,Eastland,Southland,Migrate,June
69805,2,1,410,Eastland,Midland,Migrate,February
70631,2,1,405,Eastland,Midland,Migrate,February
71174,2,1,467,Eastland,Midland,Migrate,October
71275,2,1,204,Eastland,Midland,Migrate,March
71376,2,3,247,Eastland,Southland,Migrate,April
71573,2,2,431,Eastland,Eastland,Not migrate,February
71581,2,2,863,Eastland,Eastland,Not migrate,July
71720,2,1,213,Eastland,Midland,Migrate,January
72029,2,2,194,Eastland,Eastland,Not migrate,June
72055,2,3,456,Eastland,Southland,Migrate,September
72126,2,1,625,Eastland,Midland,Migrate,December
72351,2,1,206,Eastland,Midland,Migrate,November
72564,2,2,422,Eastland,Eastland,Not migrate,May
72698,2,3,361,Eastland,Southland,Migrate,January
73016,2,2,344,Eastland,Eastland,Not migrate,October
73078,2,1,486,Eastland,Midland,Migrate,October
73156,2,1,167,Eastland,Midland,Migrate,July
73286,2,2,555,Eastland,Eastland,Not migrate,June
73858,2,3,325,Eastland,Southland,Migrate,February
73898,2,2,263,Eastland,Eastland,Not migrate,November
74053,2,2,430,Eastland,Eastland,Not migrate,December
74086,2,3,204,Eastland,Southland,Migrate,December
74310,2,3,247,Eastland,Southland,Migrate,July
74364,2,3,406,Eastland,Southland,Migrate,March
74455,2,3,313,Eastland,Southland,Migrate,January
74490,2,1,510,Eastland,Midland,Migrate,March
74541,2,3,347,Eastland,Southland,Migrate,July
74644,2,2,614,Eastland,Eastland,Not migrate,September
74882,2,1,558,Eastland,Midland,Migrate,December
75169,2,3,316,Eastland,Southland,Migrate,December
75775,2,2,261,Eastland,Eastland,Not migrate,January
75788,2,1,387,Eastland,Midland,Migrate,January
75843,2,2,237,Eastland,Eastland,Not migrate,July
76168,2,2,316,Eastland,Eastland,Not migrate,November
76225,2,3,706,Eastland,Southland,Migrate,February
76259,2,1,171,Eastland,Midland,Migrate,March
76362,2,1,245,Eastland,Midland,Migrate,June
76404,2,2,186,Eastland,Eastland,Not migrate,January
76470,2,2,546,Eastland,Eastland,Not migrate,October
76709,2,3,280,Eastland,Southland,Migrate,February
76849,2,1,405,Eastland,Midland,Migrate,September
76887,2,1,205,Eastland,Midland,Migrate,September
76984,2,2,207,Eastland,Eastland,Not migrate,February
77019,2,3,193,Eastland,Southland,Migrate,September
77056,2,1,442,Eastland,Midland,Migrate,November
77068,2,1,461,Eastland,Midland,Migrate,July
77174,2,1,1001,Eastland,Midland,Migrate,June
77225,2,1,352,Eastland,Midland,Migrate,September
77325,2,3,274,Eastland,Southland,Migrate,April
77352,2,2,279,Eastland,Eastland,Not migrate,June
77436,2,1,229,Eastland,Midland,Migrate,November
77503,2,1,351,Eastland,Midland,Migrate,September
77686,2,2,758,Eastland,Eastland,Not migrate,August
77845,2,3,394,Eastland,Southland,Migrate,May
77957,2,2,428,Eastland,Eastland,Not migrate,January
77998,2,3,433,Eastland,Southland,Migrate,October
78534,2,2,387,Eastland,Eastland,Not migrate,August
78791,2,3,308,Eastland,Southland,Migrate,March
78909,2,3,274,Eastland,Southland,Migrate,October
79154,2,1,273,Eastland,Midland,Migrate,December
79506,2,3,525,Eastland,Southland,Migrate,February
79777,2,2,161,Eastland,Eastland,Not migrate,May
80004,2,1,328,Eastland,Midland,Migrate,November
80077,2,2,260,Eastland,Eastland,Not migrate,October
80110,2,2,203,Eastland,Eastland,Not migrate,February
80114,2,1,1069,Eastland,Midland,Migrate,September
80126,2,1,1969,Eastland,Midland,Migrate,August
80327,2,3,236,Eastland,Southland,Migrate,May
80398,2,2,296,Eastland,Eastland,Not migrate,May
80411,2,3,500,Eastland,Southland,Migrate,November
80888,2,2,114,Eastland,Eastland,Not migrate,September
81005,2,2,213,Eastland,Eastland,Not migrate,August
81006,2,3,376,Eastland,Southland,Migrate,March
81034,2,3,227,Eastland,Southland,Migrate,March
81134,2,1,226,Eastland,Midland,Migrate,February
81158,2,2,738,Eastland,Eastland,Not migrate,October
81300,2,2,343,Eastland,Eastland,Not migrate,August
81403,2,2,391,Eastland,Eastland,Not migrate,July
81405,2,2,1793,Eastland,Eastland,Not migrate,June
81463,2,2,718,Eastland,Eastland,Not migrate,October
81521,2,2,2428,Eastland,Eastland,Not migrate,May
81695,2,2,816,Eastland,Eastland,Not migrate,August
81724,2,2,218,Eastland,Eastland,Not migrate,July
81737,2,2,295,Eastland,Eastland,Not migrate,December
82082,2,2,209,Eastland,Eastland,Not migrate,September
82108,2,2,349,Eastland,Eastland,Not migrate,July
82339,2,3,373,Eastland,Southland,Migrate,May
82446,2,2,447,Eastland,Eastland,Not migrate,April
82497,2,2,280,Eastland,Eastland,Not migrate,February
82659,2,1,321,Eastland,Midland,Migrate,August
82715,2,3,359,Eastland,Southland,Migrate,February
82821,2,1,597,Eastland,Midland,Migrate,July
82964,2,2,175,Eastland,Eastland,Not migrate,January
83280,2,1,312,Eastland,Midland,Migrate,December
83313,2,1,356,Eastland,Midland,Migrate,May
83340,2,3,770,Eastland,Southland,Migrate,December
83564,2,2,350,Eastland,Eastland,Not migrate,September
83606,2,2,689,Eastland,Eastland,Not migrate,October
83639,2,1,233,Eastland,Midland,Migrate,November
84006,2,3,277,Eastland,Southland,Migrate,May
84027,2,2,161,Eastland,Eastland,Not migrate,January
84046,2,2,429,Eastland,Eastland,Not migrate,November
84093,2,1,209,Eastland,Midland,Migrate,November
84126,2,1,707,Eastland,Midland,Migrate,March
84152,2,1,479,Eastland,Midland,Migrate,March
84213,2,2,253,Eastland,Eastland,Not migrate,December
84403,2,2,320,Eastland,Eastland,Not migrate,April
84494,2,2,470,Eastland,Eastland,Not migrate,November
84628,2,3,248,Eastland,Southland,Migrate,November
85236,2,3,693,Eastland,Southland,Migrate,February
85448,2,3,200,Eastland,Southland,Migrate,April
85486,2,2,647,Eastland,Eastland,Not migrate,May
85720,2,2,469,Eastland,Eastland,Not migrate,October
85771,2,1,343,Eastland,Midland,Migrate,December
86259,2,2,316,Eastland,Eastland,Not migrate,November
86322,2,2,1341,Eastland,Eastland,Not migrate,December
86508,2,3,342,Eastland,Southland,Migrate,January
86630,2,1,243,Eastland,Midland,Migrate,July
86656,2,2,235,Eastland,Eastland,Not migrate,February
86732,2,1,2065,Eastland,Midland,Migrate,January
86774,2,3,238,Eastland,Southland,Migrate,October
87633,2,1,137,Eastland,Midland,Migrate,July
87657,2,2,249,Eastland,Eastland,Not migrate,November
87711,2,3,867,Eastland,Southland,Migrate,January
87803,2,2,468,Eastland,Eastland,Not migrate,October
87826,2,2,189,Eastland,Eastland,Not migrate,July
88013,2,1,242,Eastland,Midland,Migrate,January
88016,2,2,251,Eastland,Eastland,Not migrate,June
88021,2,2,202,Eastland,Eastland,Not migrate,July
88225,2,3,505,Eastland,Southland,Migrate,December
88644,2,2,275,Eastland,Eastland,Not migrate,November
88662,2,1,464,Eastland,Midland,Migrate,August
89049,2,1,1995,Eastland,Midland,Migrate,September
89082,2,2,216,Eastland,Eastland,Not migrate,March
89453,2,1,250,Eastland,Midland,Migrate,March
89594,2,2,243,Eastland,Eastland,Not migrate,January
89608,2,1,271,Eastland,Midland,Migrate,February
89875,2,1,189,Eastland,Midland,Migrate,May
89989,2,2,346,Eastland,Eastland,Not migrate,February
90010,2,2,539,Eastland,Eastland,Not migrate,April
90026,2,2,322,Eastland,Eastland,Not migrate,November
90140,2,3,334,Eastland,Southland,Migrate,April
90241,2,1,300,Eastland,Midland,Migrate,April
90642,2,1,209,Eastland,Midland,Migrate,July
90673,2,3,259,Eastland,Southland,Migrate,February
90703,2,1,1311,Eastland,Midland,Migrate,September
90704,2,1,2023,Eastland,Midland,Migrate,June
90751,2,1,255,Eastland,Midland,Migrate,January
90845,2,3,602,Eastland,Southland,Migrate,May
91004,2,1,201,Eastland,Midland,Migrate,April
91315,2,1,365,Eastland,Midland,Migrate,June
91323,2,3,430,Eastland,Southland,Migrate,December
91531,2,2,514,Eastland,Eastland,Not migrate,February
91538,2,2,482,Eastland,Eastland,Not migrate,August
91788,2,2,578,Eastland,Eastland,Not migrate,June
92004,2,1,153,Eastland,Midland,Migrate,January
92056,2,2,419,Eastland,Eastland,Not migrate,December
92976,2,3,441,Eastland,Southland,Migrate,March
93070,2,3,496,Eastland,Southland,Migrate,August
93142,2,1,1039,Eastland,Midland,Migrate,October
93165,2,1,354,Eastland,Midland,Migrate,December
93190,2,1,364,Eastland,Midland,Migrate,August
93657,2,2,282,Eastland,Eastland,Not migrate,July
93736,2,2,276,Eastland,Eastland,Not migrate,November
93773,2,1,386,Eastland,Midland,Migrate,September
93804,2,2,327,Eastland,Eastland,Not migrate,August
93959,2,1,639,Eastland,Midland,Migrate,January
94088,2,3,189,Eastland,Southland,Migrate,July
94227,2,3,374,Eastland,Southland,Migrate,June
94268,2,3,217,Eastland,Southland,Migrate,February
94289,2,1,275,Eastland,Midland,Migrate,November
94344,2,1,909,Eastland,Midland,Migrate,March
94772,2,1,149,Eastland,Midland,Migrate,October
95168,2,1,555,Eastland,Midland,Migrate,August
95273,2,2,190,Eastland,Eastland,Not migrate,December
95350,2,2,221,Eastland,Eastland,Not migrate,May
95454,2,3,1038,Eastland,Southland,Migrate,February
95675,2,2,416,Eastland,Eastland,Not migrate,April
95684,2,1,403,Eastland,Midland,Migrate,June
95859,2,3,338,Eastland,Southland,Migrate,November
95874,2,1,344,Eastland,Midland,Migrate,September
95939,2,3,380,Eastland,Southland,Migrate,March
96125,2,1,215,Eastland,Midland,Migrate,September
96240,2,3,364,Eastland,Southland,Migrate,June
96256,2,2,204,Eastland,Eastland,Not migrate,November
96662,2,2,356,Eastland,Eastland,Not migrate,March
96663,2,3,430,Eastland,Southland,Migrate,March
96831,2,2,238,Eastland,Eastland,Not migrate,December
96952,2,1,290,Eastland,Midland,Migrate,January
96963,2,1,363,Eastland,Midland,Migrate,February
97113,2,2,266,Eastland,Eastland,Not migrate,March
97197,2,2,286,Eastland,Eastland,Not migrate,December
97443,2,2,241,Eastland,Eastland,Not migrate,August
97512,2,2,401,Eastland,Eastland,Not migrate,March
97539,2,2,567,Eastland,Eastland,Not migrate,November
98061,2,1,807,Eastland,Midland,Migrate,March
98142,2,2,550,Eastland,Eastland,Not migrate,October
98351,2,1,193,Eastland,Midland,Migrate,September
98353,2,2,243,Eastland,Eastland,Not migrate,June
98642,2,3,175,Eastland,Southland,Migrate,April
98847,2,2,451,Eastland,Eastland,Not migrate,October
98933,2,2,516,Eastland,Eastland,Not migrate,December
99246,2,2,403,Eastland,Eastland,Not migrate,April
99284,2,2,366,Eastland,Eastland,Not migrate,August
99286,2,3,381,Eastland,Southland,Migrate,June
99444,2,2,390,Eastland,Eastland,Not migrate,November
99968,2,2,499,Eastland,Eastland,Not migrate,November
172,3,2,1174,Southland,Eastland,Migrate,December
176,3,3,330,Southland,Southland,Not migrate,December
205,3,1,774,Southland,Midland,Migrate,January
292,3,2,276,Southland,Eastland,Migrate,March
315,3,2,308,Southland,Eastland,Migrate,January
416,3,2,431,Southland,Eastland,Migrate,October
947,3,3,308,Southland,Southland,Not migrate,August
976,3,3,2339,Southland,Southland,Not migrate,July
1050,3,2,1495,Southland,Eastland,Migrate,August
1052,3,2,202,Southland,Eastland,Migrate,January
1600,3,2,172,Southland,Eastland,Migrate,December
1675,3,3,776,Southland,Southland,Not migrate,September
1739,3,3,323,Southland,Southland,Not migrate,November
1756,3,2,258,Southland,Eastland,Migrate,February
1761,3,2,485,Southland,Eastland,Migrate,January
1796,3,3,1660,Southland,Southland,Not migrate,December
1824,3,1,210,Southland,Midland,Migrate,July
1971,3,3,335,Southland,Southland,Not migrate,August
2339,3,1,566,Southland,Midland,Migrate,December
2653,3,3,270,Southland,Southland,Not migrate,May
2983,3,3,172,Southland,Southland,Not migrate,March
3058,3,3,439,Southland,Southland,Not migrate,July
3090,3,1,315,Southland,Midland,Migrate,November
3116,3,2,457,Southland,Eastland,Migrate,August
3386,3,3,458,Southland,Southland,Not migrate,July
3436,3,1,243,Southland,Midland,Migrate,October
3515,3,2,278,Southland,Eastland,Migrate,July
3530,3,2,300,Southland,Eastland,Migrate,March
3808,3,1,228,Southland,Midland,Migrate,September
4036,3,3,214,Southland,Southland,Not migrate,March
4195,3,3,357,Southland,Southland,Not migrate,June
4248,3,3,261,Southland,Southland,Not migrate,June
4282,3,1,185,Southland,Midland,Migrate,December
4344,3,1,503,Southland,Midland,Migrate,March
4383,3,1,259,Southland,Midland,Migrate,December
4392,3,3,582,Southland,Southland,Not migrate,May
4424,3,3,377,Southland,Southland,Not migrate,December
4740,3,2,415,Southland,Eastland,Migrate,March
4954,3,1,180,Southland,Midland,Migrate,September
5012,3,1,498,Southland,Midland,Migrate,July
5022,3,3,221,Southland,Southland,Not migrate,February
5077,3,1,263,Southland,Midland,Migrate,June
5324,3,2,369,Southland,Eastland,Migrate,August
5453,3,3,2035,Southland,Southland,Not migrate,January
5734,3,3,218,Southland,Southland,Not migrate,January
5881,3,3,208,Southland,Southland,Not migrate,November
5941,3,3,274,Southland,Southland,Not migrate,May
6322,3,3,155,Southland,Southland,Not migrate,June
6438,3,1,155,Southland,Midland,Migrate,February
6456,3,2,313,Southland,Eastland,Migrate,November
6497,3,1,424,Southland,Midland,Migrate,August
6505,3,1,399,Southland,Midland,Migrate,July
6567,3,2,357,Southland,Eastland,Migrate,July
6625,3,1,476,Southland,Midland,Migrate,August
6764,3,2,261,Southland,Eastland,Migrate,September
7223,3,3,477,Southland,Southland,Not migrate,September
7468,3,3,365,Southland,Southland,Not migrate,June
7489,3,2,334,Southland,Eastland,Migrate,September
7552,3,3,587,Southland,Southland,Not migrate,May
7564,3,2,632,Southland,Eastland,Migrate,December
7696,3,2,516,Southland,Eastland,Migrate,April
7839,3,1,308,Southland,Midland,Migrate,November
7991,3,2,287,Southland,Eastland,Migrate,January
8024,3,3,762,Southland,Southland,Not migrate,January
8048,3,2,130,Southland,Eastland,Migrate,May
8432,3,1,815,Southland,Midland,Migrate,November
8717,3,2,263,Southland,Eastland,Migrate,October
8939,3,3,139,Southland,Southland,Not migrate,May
9004,3,1,992,Southland,Midland,Migrate,August
9073,3,3,966,Southland,Southland,Not migrate,November
9439,3,1,1134,Southland,Midland,Migrate,September
10310,3,2,453,Southland,Eastland,Migrate,March
10625,3,1,322,Southland,Midland,Migrate,February
10732,3,1,200,Southland,Midland,Migrate,December
10764,3,2,531,Southland,Eastland,Migrate,December
11025,3,1,513,Southland,Midland,Migrate,July
11300,3,2,614,Southland,Eastland,Migrate,August
11515,3,2,780,Southland,Eastland,Migrate,September
11570,3,1,273,Southland,Midland,Migrate,September
11722,3,2,226,Southland,Eastland,Migrate,July
11975,3,1,509,Southland,Midland,Migrate,November
12150,3,1,200,Southland,Midland,Migrate,January
12164,3,2,274,Southland,Eastland,Migrate,May
12425,3,2,426,Southland,Eastland,Migrate,May
12519,3,2,202,Southland,Eastland,Migrate,March
12685,3,2,578,Southland,Eastland,Migrate,January
12733,3,3,416,Southland,Southland,Not migrate,November
12876,3,2,208,Southland,Eastland,Migrate,March
13121,3,1,234,Southland,Midland,Migrate,April
13225,3,2,2045,Southland,Eastland,Migrate,December
13595,3,2,389,Southland,Eastland,Migrate,April
13636,3,2,504,Southland,Eastland,Migrate,June
13647,3,2,307,Southland,Eastland,Migrate,May
13800,3,3,873,Southland,Southland,Not migrate,November
14112,3,3,188,Southland,Southland,Not migrate,February
14236,3,3,253,Southland,Southland,Not migrate,July
14310,3,3,270,Southland,Southland,Not migrate,December
14316,3,3,350,Southland,Southland,Not migrate,February
14743,3,1,490,Southland,Midland,Migrate,February
14859,3,2,391,Southland,Eastland,Migrate,January
15030,3,3,263,Southland,Southland,Not migrate,August
15054,3,2,463,Southland,Eastland,Migrate,March
15311,3,3,543,Southland,Southland,Not migrate,August
15544,3,2,312,Southland,Eastland,Migrate,October
15607,3,2,547,Southland,Eastland,Migrate,June
15793,3,3,305,Southland,Southland,Not migrate,October
15862,3,2,222,Southland,Eastland,Migrate,December
16123,3,2,559,Southland,Eastland,Migrate,December
16221,3,2,260,Southland,Eastland,Migrate,June
16285,3,1,517,Southland,Midland,Migrate,September
16358,3,3,272,Southland,Southland,Not migrate,April
16363,3,3,393,Southland,Southland,Not migrate,December
16591,3,2,641,Southland,Eastland,Migrate,June
16651,3,2,202,Southland,Eastland,Migrate,June
16671,3,1,423,Southland,Midland,Migrate,January
16797,3,1,811,Southland,Midland,Migrate,October
16808,3,2,672,Southland,Eastland,Migrate,February
16901,3,2,448,Southland,Eastland,Migrate,October
16908,3,2,310,Southland,Eastland,Migrate,June
16946,3,3,362,Southland,Southland,Not migrate,September
17112,3,3,235,Southland,Southland,Not migrate,October
17305,3,1,377,Southland,Midland,Migrate,May
17327,3,1,281,Southland,Midland,Migrate,September
17461,3,2,689,Southland,Eastland,Migrate,June
17499,3,3,381,Southland,Southland,Not migrate,April
17712,3,3,182,Southland,Southland,Not migrate,February
17771,3,3,447,Southland,Southland,Not migrate,June
17884,3,2,158,Southland,Eastland,Migrate,September
17891,3,3,741,Southland,Southland,Not migrate,March
17970,3,2,452,Southland,Eastland,Migrate,July
18040,3,3,219,Southland,Southland,Not migrate,April
18136,3,2,617,Southland,Eastland,Migrate,July
18176,3,2,351,Southland,Eastland,Migrate,October
18177,3,1,273,Southland,Midland,Migrate,September
19108,3,3,491,Southland,Southland,Not migrate,March
19136,3,3,361,Southland,Southland,Not migrate,May
19310,3,1,389,Southland,Midland,Migrate,April
19535,3,2,314,Southland,Eastland,Migrate,February
19578,3,2,162,Southland,Eastland,Migrate,July
19615,3,2,311,Southland,Eastland,Migrate,December
19720,3,2,494,Southland,Eastland,Migrate,April
19894,3,1,145,Southland,Midland,Migrate,June
19927,3,1,367,Southland,Midland,Migrate,September
20153,3,3,399,Southland,Southland,Not migrate,November
20850,3,1,672,Southland,Midland,Migrate,August
21016,3,3,500,Southland,Southland,Not migrate,September
21214,3,1,279,Southland,Midland,Migrate,October
21501,3,1,342,Southland,Midland,Migrate,June
21674,3,3,547,Southland,Southland,Not migrate,August
21718,3,1,495,Southland,Midland,Migrate,November
21833,3,2,398,Southland,Eastland,Migrate,January
22047,3,1,1851,Southland,Midland,Migrate,August
22061,3,3,484,Southland,Southland,Not migrate,September
22088,3,2,186,Southland,Eastland,Migrate,February
22578,3,2,235,Southland,Eastland,Migrate,March
22594,3,3,221,Southland,Southland,Not migrate,April
23001,3,3,396,Southland,Southland,Not migrate,February
23036,3,1,292,Southland,Midland,Migrate,February
23303,3,1,160,Southland,Midland,Migrate,March
23458,3,1,1198,Southland,Midland,Migrate,September
23505,3,3,309,Southland,Southland,Not migrate,June
23538,3,1,269,Southland,Midland,Migrate,March
23633,3,1,621,Southland,Midland,Migrate,May
23643,3,1,275,Southland,Midland,Migrate,January
23865,3,3,516,Southland,Southland,Not migrate,December
23981,3,2,992,Southland,Eastland,Migrate,December
23992,3,1,509,Southland,Midland,Migrate,July
24107,3,2,180,Southland,Eastland,Migrate,January
24168,3,1,452,Southland,Midland,Migrate,November
24269,3,2,432,Southland,Eastland,Migrate,August
24398,3,3,245,Southland,Southland,Not migrate,January
24413,3,2,496,Southland,Eastland,Migrate,April
25109,3,2,173,Southland,Eastland,Migrate,December
25151,3,1,209,Southland,Midland,Migrate,December
25541,3,1,353,Southland,Midland,Migrate,June
25557,3,1,369,Southland,Midland,Migrate,January
25615,3,1,255,Southland,Midland,Migrate,April
25658,3,3,240,Southland,Southland,Not migrate,October
25876,3,2,484,Southland,Eastland,Migrate,October
25960,3,3,485,Southland,Southland,Not migrate,April
26060,3,3,557,Southland,Southland,Not migrate,November
26083,3,2,569,Southland,Eastland,Migrate,May
26137,3,3,304,Southland,Southland,Not migrate,April
26182,3,2,285,Southland,Eastland,Migrate,June
26220,3,2,375,Southland,Eastland,Migrate,September
26365,3,1,467,Southland,Midland,Migrate,October
26386,3,2,460,Southland,Eastland,Migrate,October
26390,3,3,371,Southland,Southland,Not migrate,April
26906,3,3,685,Southland,Southland,Not migrate,February
26921,3,3,351,Southland,Southland,Not migrate,August
27152,3,3,164,Southland,Southland,Not migrate,October
27514,3,3,793,Southland,Southland,Not migrate,January
27569,3,2,333,Southland,Eastland,Migrate,May
27730,3,2,261,Southland,Eastland,Migrate,September
27791,3,3,432,Southland,Southland,Not migrate,June
27889,3,2,609,Southland,Eastland,Migrate,April
27907,3,3,237,Southland,Southland,Not migrate,October
27994,3,2,331,Southland,Eastland,Migrate,April
28006,3,3,541,Southland,Southland,Not migrate,July
28012,3,1,375,Southland,Midland,Migrate,October
28264,3,3,602,Southland,Southland,Not migrate,November
28268,3,1,609,Southland,Midland,Migrate,January
28286,3,2,156,Southland,Eastland,Migrate,April
28492,3,1,294,Southland,Midland,Migrate,June
28521,3,2,366,Southland,Eastland,Migrate,April
28607,3,3,491,Southland,Southland,Not migrate,December
28762,3,3,391,Southland,Southland,Not migrate,November
28895,3,1,232,Southland,Midland,Migrate,November
28913,3,2,400,Southland,Eastland,Migrate,July
29006,3,1,314,Southland,Midland,Migrate,November
29013,3,2,362,Southland,Eastland,Migrate,December
29112,3,3,558,Southland,Southland,Not migrate,June
29285,3,3,200,Southland,Southland,Not migrate,August
29330,3,3,207,Southland,Southland,Not migrate,April
29399,3,1,172,Southland,Midland,Migrate,November
29556,3,2,223,Southland,Eastland,Migrate,February
29570,3,3,285,Southland,Southland,Not migrate,November
29635,3,3,538,Southland,Southland,Not migrate,March
29763,3,1,1154,Southland,Midland,Migrate,March
30122,3,3,170,Southland,Southland,Not migrate,March
30391,3,3,306,Southland,Southland,Not migrate,October
30498,3,2,543,Southland,Eastland,Migrate,October
30652,3,1,499,Southland,Midland,Migrate,April
30827,3,1,405,Southland,Midland,Migrate,August
30890,3,3,383,Southland,Southland,Not migrate,December
31212,3,2,192,Southland,Eastland,Migrate,April
31314,3,1,171,Southland,Midland,Migrate,February
31789,3,3,423,Southland,Southland,Not migrate,July
32037,3,2,939,Southland,Eastland,Migrate,April
32043,3,2,143,Southland,Eastland,Migrate,December
32109,3,1,320,Southland,Midland,Migrate,September
32270,3,1,361,Southland,Midland,Migrate,January
32325,3,3,664,Southland,Southland,Not migrate,August
32424,3,1,478,Southland,Midland,Migrate,January
32447,3,2,255,Southland,Eastland,Migrate,September
32567,3,2,331,Southland,Eastland,Migrate,May
32714,3,2,411,Southland,Eastland,Migrate,August
32772,3,2,352,Southland,Eastland,Migrate,November
32773,3,3,279,Southland,Southland,Not migrate,March
32968,3,1,280,Southland,Midland,Migrate,June
32977,3,2,357,Southland,Eastland,Migrate,May
33362,3,1,320,Southland,Midland,Migrate,October
33585,3,3,220,Southland,Southland,Not migrate,November
33720,3,2,431,Southland,Eastland,Migrate,July
34170,3,3,617,Southland,Southland,Not migrate,April
34743,3,1,269,Southland,Midland,Migrate,May
34874,3,2,357,Southland,Eastland,Migrate,July
34903,3,2,294,Southland,Eastland,Migrate,June
35033,3,1,155,Southland,Midland,Migrate,January
35070,3,3,259,Southland,Southland,Not migrate,December
35227,3,2,229,Southland,Eastland,Migrate,November
35258,3,3,560,Southland,Southland,Not migrate,July
35688,3,2,385,Southland,Eastland,Migrate,August
36379,3,2,243,Southland,Eastland,Migrate,August
36436,3,2,302,Southland,Eastland,Migrate,October
36503,3,1,257,Southland,Midland,Migrate,March
36675,3,2,294,Southland,Eastland,Migrate,January
36918,3,2,488,Southland,Eastland,Migrate,February
37197,3,3,716,Southland,Southland,Not migrate,May
37461,3,2,827,Southland,Eastland,Migrate,July
37679,3,1,277,Southland,Midland,Migrate,February
37697,3,3,262,Southland,Southland,Not migrate,August
37748,3,3,448,Southland,Southland,Not migrate,July
37774,3,1,368,Southland,Midland,Migrate,December
37849,3,1,396,Southland,Midland,Migrate,July
37987,3,1,386,Southland,Midland,Migrate,April
38004,3,3,310,Southland,Southland,Not migrate,October
38109,3,1,507,Southland,Midland,Migrate,February
38133,3,2,333,Southland,Eastland,Migrate,February
38140,3,2,323,Southland,Eastland,Migrate,September
38272,3,3,237,Southland,Southland,Not migrate,June
38516,3,2,203,Southland,Eastland,Migrate,August
38898,3,1,468,Southland,Midland,Migrate,December
38960,3,2,320,Southland,Eastland,Migrate,March
39058,3,3,290,Southland,Southland,Not migrate,January
39081,3,2,291,Southland,Eastland,Migrate,April
39171,3,2,355,Southland,Eastland,Migrate,March
39583,3,1,380,Southland,Midland,Migrate,August
39932,3,3,359,Southland,Southland,Not migrate,August
40090,3,2,220,Southland,Eastland,Migrate,October
40184,3,2,1641,Southland,Eastland,Migrate,May
40356,3,3,462,Southland,Southland,Not migrate,July
40514,3,3,359,Southland,Southland,Not migrate,December
40684,3,2,231,Southland,Eastland,Migrate,July
40695,3,2,323,Southland,Eastland,Migrate,August
40749,3,1,647,Southland,Midland,Migrate,February
41054,3,2,277,Southland,Eastland,Migrate,March
41274,3,2,384,Southland,Eastland,Migrate,October
41488,3,3,203,Southland,Southland,Not migrate,August
41928,3,2,353,Southland,Eastland,Migrate,September
41953,3,2,577,Southland,Eastland,Migrate,April
42107,3,3,362,Southland,Southland,Not migrate,June
42212,3,2,457,Southland,Eastland,Migrate,June
42437,3,3,1437,Southland,Southland,Not migrate,May
42506,3,2,499,Southland,Eastland,Migrate,February
42784,3,2,129,Southland,Eastland,Migrate,November
42824,3,2,242,Southland,Eastland,Migrate,January
42916,3,2,477,Southland,Eastland,Migrate,December
43146,3,3,474,Southland,Southland,Not migrate,April
43639,3,3,184,Southland,Southland,Not migrate,March
43680,3,1,281,Southland,Midland,Migrate,June
43690,3,2,310,Southland,Eastland,Migrate,March
43718,3,2,457,Southland,Eastland,Migrate,September
43744,3,3,689,Southland,Southland,Not migrate,August
44036,3,2,216,Southland,Eastland,Migrate,January
44116,3,3,266,Southland,Southland,Not migrate,February
44210,3,1,571,Southland,Midland,Migrate,June
44447,3,2,483,Southland,Eastland,Migrate,June
44525,3,2,297,Southland,Eastland,Migrate,August
44597,3,2,171,Southland,Eastland,Migrate,June
44894,3,2,201,Southland,Eastland,Migrate,August
44920,3,1,248,Southland,Midland,Migrate,August
45035,3,3,579,Southland,Southland,Not migrate,January
45094,3,2,422,Southland,Eastland,Migrate,July
45180,3,1,372,Southland,Midland,Migrate,July
45183,3,2,145,Southland,Eastland,Migrate,November
45354,3,1,407,Southland,Midland,Migrate,December
45450,3,2,573,Southland,Eastland,Migrate,December
45474,3,1,216,Southland,Midland,Migrate,May
45636,3,1,173,Southland,Midland,Migrate,February
45673,3,2,408,Southland,Eastland,Migrate,July
45880,3,1,541,Southland,Midland,Migrate,July
45891,3,2,258,Southland,Eastland,Migrate,November
46035,3,3,404,Southland,Southland,Not migrate,October
46142,3,2,625,Southland,Eastland,Migrate,October
46519,3,1,211,Southland,Midland,Migrate,October
46795,3,1,196,Southland,Midland,Migrate,August
46830,3,3,226,Southland,Southland,Not migrate,November
46952,3,3,399,Southland,Southland,Not migrate,July
47323,3,2,724,Southland,Eastland,Migrate,October
47380,3,1,1352,Southland,Midland,Migrate,September
47430,3,2,150,Southland,Eastland,Migrate,July
47611,3,3,295,Southland,Southland,Not migrate,November
47861,3,1,576,Southland,Midland,Migrate,September
48295,3,1,171,Southland,Midland,Migrate,January
48546,3,3,583,Southland,Southland,Not migrate,May
48683,3,2,594,Southland,Eastland,Migrate,November
48919,3,2,293,Southland,Eastland,Migrate,August
49015,3,3,340,Southland,Southland,Not migrate,September
49101,3,1,1008,Southland,Midland,Migrate,April
49316,3,2,293,Southland,Eastland,Migrate,September
49331,3,2,375,Southland,Eastland,Migrate,July
49571,3,2,475,Southland,Eastland,Migrate,July
49586,3,2,308,Southland,Eastland,Migrate,June
49635,3,1,210,Southland,Midland,Migrate,May
49653,3,2,266,Southland,Eastland,Migrate,July
49738,3,3,340,Southland,Southland,Not migrate,April
49751,3,1,453,Southland,Midland,Migrate,January
49964,3,1,211,Southland,Midland,Migrate,September
49967,3,3,291,Southland,Southland,Not migrate,October
50218,3,2,737,Southland,Eastland,Migrate,May
50460,3,2,479,Southland,Eastland,Migrate,September
50878,3,1,449,Southland,Midland,Migrate,November
50901,3,3,501,Southland,Southland,Not migrate,December
51180,3,2,417,Southland,Eastland,Migrate,September
51239,3,3,519,Southland,Southland,Not migrate,October
51394,3,3,1060,Southland,Southland,Not migrate,May
51398,3,1,551,Southland,Midland,Migrate,July
51428,3,2,761,Southland,Eastland,Migrate,October
51592,3,3,390,Southland,Southland,Not migrate,July
51921,3,3,346,Southland,Southland,Not migrate,September
52052,3,3,216,Southland,Southland,Not migrate,January
52287,3,1,223,Southland,Midland,Migrate,June
52495,3,2,273,Southland,Eastland,Migrate,September
52642,3,2,467,Southland,Eastland,Migrate,May
52865,3,2,432,Southland,Eastland,Migrate,October
53067,3,2,277,Southland,Eastland,Migrate,September
53154,3,1,270,Southland,Midland,Migrate,August
53471,3,3,441,Southland,Southland,Not migrate,February
53655,3,3,212,Southland,Southland,Not migrate,December
53844,3,1,621,Southland,Midland,Migrate,October
53878,3,3,266,Southland,Southland,Not migrate,October
54028,3,2,550,Southland,Eastland,Migrate,September
54040,3,2,355,Southland,Eastland,Migrate,December
54345,3,1,249,Southland,Midland,Migrate,April
54367,3,2,434,Southland,Eastland,Migrate,February
54733,3,2,352,Southland,Eastland,Migrate,November
54737,3,1,191,Southland,Midland,Migrate,November
54776,3,2,846,Southland,Eastland,Migrate,February
54829,3,1,816,Southland,Midland,Migrate,June
54842,3,3,273,Southland,Southland,Not migrate,September
55002,3,3,577,Southland,Southland,Not migrate,October
55121,3,2,624,Southland,Eastland,Migrate,November
55134,3,2,221,Southland,Eastland,Migrate,November
55193,3,2,596,Southland,Eastland,Migrate,October
55268,3,3,672,Southland,Southland,Not migrate,April
55422,3,1,279,Southland,Midland,Migrate,March
55538,3,2,290,Southland,Eastland,Migrate,November
55555,3,2,277,Southland,Eastland,Migrate,April
55759,3,1,342,Southland,Midland,Migrate,September
55766,3,3,150,Southland,Southland,Not migrate,January
55896,3,3,605,Southland,Southland,Not migrate,October
55976,3,2,320,Southland,Eastland,Migrate,February
56324,3,3,300,Southland,Southland,Not migrate,November
56622,3,3,489,Southland,Southland,Not migrate,September
56667,3,2,355,Southland,Eastland,Migrate,September
56708,3,3,214,Southland,Southland,Not migrate,November
56979,3,3,551,Southland,Southland,Not migrate,March
56995,3,1,513,Southland,Midland,Migrate,January
57132,3,1,284,Southland,Midland,Migrate,January
57241,3,2,1127,Southland,Eastland,Migrate,July
57321,3,2,265,Southland,Eastland,Migrate,June
57366,3,3,296,Southland,Southland,Not migrate,November
57489,3,3,553,Southland,Southland,Not migrate,June
57645,3,2,258,Southland,Eastland,Migrate,October
57960,3,3,509,Southland,Southland,Not migrate,July
58140,3,2,273,Southland,Eastland,Migrate,January
58385,3,1,593,Southland,Midland,Migrate,October
58718,3,1,307,Southland,Midland,Migrate,February
58790,3,2,223,Southland,Eastland,Migrate,March
58870,3,3,231,Southland,Southland,Not migrate,December
59358,3,2,223,Southland,Eastland,Migrate,September
59493,3,1,274,Southland,Midland,Migrate,March
59597,3,1,203,Southland,Midland,Migrate,September
59886,3,1,222,Southland,Midland,Migrate,December
59957,3,2,405,Southland,Eastland,Migrate,September
60068,3,1,274,Southland,Midland,Migrate,September
60244,3,2,187,Southland,Eastland,Migrate,August
60368,3,2,1063,Southland,Eastland,Migrate,April
60421,3,3,635,Southland,Southland,Not migrate,October
60787,3,2,640,Southland,Eastland,Migrate,March
60793,3,3,385,Southland,Southland,Not migrate,August
60798,3,2,953,Southland,Eastland,Migrate,July
61035,3,2,283,Southland,Eastland,Migrate,August
61338,3,3,671,Southland,Southland,Not migrate,August
61352,3,3,649,Southland,Southland,Not migrate,October
61382,3,3,1196,Southland,Southland,Not migrate,November
61442,3,3,287,Southland,Southland,Not migrate,October
61653,3,3,234,Southland,Southland,Not migrate,February
61668,3,2,421,Southland,Eastland,Migrate,September
61780,3,2,138,Southland,Eastland,Migrate,May
61823,3,3,540,Southland,Southland,Not migrate,May
62044,3,2,985,Southland,Eastland,Migrate,October
62513,3,1,448,Southland,Midland,Migrate,November
62592,3,1,321,Southland,Midland,Migrate,October
62873,3,3,321,Southland,Southland,Not migrate,August
62987,3,3,263,Southland,Southland,Not migrate,September
63327,3,2,976,Southland,Eastland,Migrate,March
63329,3,3,370,Southland,Southland,Not migrate,February
63461,3,1,368,Southland,Midland,Migrate,January
63485,3,3,431,Southland,Southland,Not migrate,May
63515,3,3,295,Southland,Southland,Not migrate,July
63662,3,2,801,Southland,Eastland,Migrate,June
63732,3,2,101,Southland,Eastland,Migrate,May
63735,3,3,354,Southland,Southland,Not migrate,April
63813,3,2,458,Southland,Eastland,Migrate,June
63827,3,3,366,Southland,Southland,Not migrate,September
63831,3,1,325,Southland,Midland,Migrate,March
63868,3,3,454,Southland,Southland,Not migrate,May
63935,3,2,355,Southland,Eastland,Migrate,October
64039,3,1,202,Southland,Midland,Migrate,October
64070,3,2,549,Southland,Eastland,Migrate,March
64172,3,3,216,Southland,Southland,Not migrate,July
64204,3,1,401,Southland,Midland,Migrate,August
64351,3,3,365,Southland,Southland,Not migrate,October
64511,3,3,174,Southland,Southland,Not migrate,May
64526,3,1,245,Southland,Midland,Migrate,November
64732,3,2,193,Southland,Eastland,Migrate,January
65002,3,3,707,Southland,Southland,Not migrate,November
65201,3,2,1088,Southland,Eastland,Migrate,August
65208,3,1,308,Southland,Midland,Migrate,May
65624,3,1,185,Southland,Midland,Migrate,August
65715,3,3,225,Southland,Southland,Not migrate,October
65823,3,2,396,Southland,Eastland,Migrate,April
65928,3,1,362,Southland,Midland,Migrate,June
65981,3,3,186,Southland,Southland,Not migrate,May
65982,3,3,136,Southland,Southland,Not migrate,November
66362,3,1,695,Southland,Midland,Migrate,December
66697,3,2,211,Southland,Eastland,Migrate,February
66747,3,2,248,Southland,Eastland,Migrate,November
66894,3,3,156,Southland,Southland,Not migrate,January
66960,3,3,461,Southland,Southland,Not migrate,September
67063,3,1,249,Southland,Midland,Migrate,September
67176,3,2,209,Southland,Eastland,Migrate,June
67333,3,2,333,Southland,Eastland,Migrate,April
67588,3,3,1189,Southland,Southland,Not migrate,August
67793,3,1,241,Southland,Midland,Migrate,May
67993,3,1,430,Southland,Midland,Migrate,January
68171,3,1,364,Southland,Midland,Migrate,July
68191,3,2,484,Southland,Eastland,Migrate,November
68304,3,2,356,Southland,Eastland,Migrate,January
68584,3,3,351,Southland,Southland,Not migrate,August
68711,3,3,297,Southland,Southland,Not migrate,July
68954,3,1,507,Southland,Midland,Migrate,December
69078,3,2,296,Southland,Eastland,Migrate,October
69219,3,2,294,Southland,Eastland,Migrate,September
69347,3,1,359,Southland,Midland,Migrate,March
69571,3,3,949,Southland,Southland,Not migrate,July
69610,3,2,714,Southland,Eastland,Migrate,August
70127,3,3,198,Southland,Southland,Not migrate,August
70133,3,3,446,Southland,Southland,Not migrate,February
70270,3,2,303,Southland,Eastland,Migrate,June
70404,3,3,197,Southland,Southland,Not migrate,May
70660,3,3,351,Southland,Southland,Not migrate,December
70737,3,2,178,Southland,Eastland,Migrate,May
70944,3,2,528,Southland,Eastland,Migrate,November
70950,3,3,772,Southland,Southland,Not migrate,October
70992,3,2,256,Southland,Eastland,Migrate,July
71186,3,2,429,Southland,Eastland,Migrate,June
71218,3,2,350,Southland,Eastland,Migrate,January
71294,3,2,278,Southland,Eastland,Migrate,May
71337,3,3,423,Southland,Southland,Not migrate,February
71523,3,3,314,Southland,Southland,Not migrate,May
71615,3,3,621,Southland,Southland,Not migrate,October
71827,3,1,328,Southland,Midland,Migrate,February
72288,3,1,298,Southland,Midland,Migrate,September
72313,3,1,481,Southland,Midland,Migrate,January
72376,3,2,368,Southland,Eastland,Migrate,February
72410,3,2,1322,Southland,Eastland,Migrate,April
72569,3,3,1349,Southland,Southland,Not migrate,September
72930,3,1,251,Southland,Midland,Migrate,October
73093,3,3,315,Southland,Southland,Not migrate,February
73140,3,2,452,Southland,Eastland,Migrate,April
73287,3,2,496,Southland,Eastland,Migrate,November
74032,3,1,514,Southland,Midland,Migrate,May
74106,3,3,411,Southland,Southland,Not migrate,January
74173,3,2,649,Southland,Eastland,Migrate,July
74199,3,1,203,Southland,Midland,Migrate,October
74398,3,2,774,Southland,Eastland,Migrate,March
74751,3,3,339,Southland,Southland,Not migrate,July
74873,3,2,411,Southland,Eastland,Migrate,August
75238,3,1,353,Southland,Midland,Migrate,September
75348,3,2,228,Southland,Eastland,Migrate,March
75512,3,2,277,Southland,Eastland,Migrate,December
75529,3,2,302,Southland,Eastland,Migrate,July
75608,3,1,453,Southland,Midland,Migrate,November
75610,3,3,357,Southland,Southland,Not migrate,August
75917,3,2,302,Southland,Eastland,Migrate,December
76175,3,2,479,Southland,Eastland,Migrate,April
76195,3,2,458,Southland,Eastland,Migrate,July
76433,3,3,418,Southland,Southland,Not migrate,July
76687,3,2,312,Southland,Eastland,Migrate,July
76735,3,1,218,Southland,Midland,Migrate,July
76930,3,2,171,Southland,Eastland,Migrate,November
76961,3,2,415,Southland,Eastland,Migrate,April
77223,3,3,404,Southland,Southland,Not migrate,January
77377,3,2,337,Southland,Eastland,Migrate,August
77477,3,1,265,Southland,Midland,Migrate,July
77909,3,2,222,Southland,Eastland,Migrate,February
78109,3,3,211,Southland,Southland,Not migrate,November
78138,3,3,359,Southland,Southland,Not migrate,December
78380,3,1,283,Southland,Midland,Migrate,January
78597,3,3,324,Southland,Southland,Not migrate,October
78612,3,2,133,Southland,Eastland,Migrate,September
78725,3,3,406,Southland,Southland,Not migrate,August
78826,3,2,170,Southland,Eastland,Migrate,February
78924,3,3,231,Southland,Southland,Not migrate,April
79009,3,1,205,Southland,Midland,Migrate,June
79079,3,3,619,Southland,Southland,Not migrate,October
79108,3,3,184,Southland,Southland,Not migrate,September
79294,3,1,1871,Southland,Midland,Migrate,August
79543,3,2,530,Southland,Eastland,Migrate,April
80078,3,2,640,Southland,Eastland,Migrate,July
80164,3,3,573,Southland,Southland,Not migrate,August
80265,3,2,245,Southland,Eastland,Migrate,April
80375,3,1,395,Southland,Midland,Migrate,December
80403,3,1,363,Southland,Midland,Migrate,October
80421,3,2,463,Southland,Eastland,Migrate,May
80435,3,3,245,Southland,Southland,Not migrate,November
80723,3,1,714,Southland,Midland,Migrate,June
80751,3,3,335,Southland,Southland,Not migrate,March
80875,3,3,241,Southland,Southland,Not migrate,September
81199,3,2,702,Southland,Eastland,Migrate,April
81271,3,1,501,Southland,Midland,Migrate,August
81395,3,2,230,Southland,Eastland,Migrate,September
81441,3,1,724,Southland,Midland,Migrate,October
81483,3,2,355,Southland,Eastland,Migrate,March
81499,3,2,343,Southland,Eastland,Migrate,April
81563,3,2,314,Southland,Eastland,Migrate,January
81623,3,3,312,Southland,Southland,Not migrate,October
81950,3,3,2905,Southland,Southland,Not migrate,September
82288,3,1,189,Southland,Midland,Migrate,December
82384,3,2,321,Southland,Eastland,Migrate,March
82698,3,3,546,Southland,Southland,Not migrate,November
83076,3,3,410,Southland,Southland,Not migrate,October
83224,3,2,377,Southland,Eastland,Migrate,September
83385,3,2,514,Southland,Eastland,Migrate,July
83540,3,3,353,Southland,Southland,Not migrate,March
83552,3,1,458,Southland,Midland,Migrate,August
83646,3,2,687,Southland,Eastland,Migrate,April
83733,3,2,350,Southland,Eastland,Migrate,August
83943,3,3,379,Southland,Southland,Not migrate,August
84203,3,2,343,Southland,Eastland,Migrate,August
84334,3,2,346,Southland,Eastland,Migrate,December
84408,3,1,525,Southland,Midland,Migrate,February
84480,3,3,365,Southland,Southland,Not migrate,September
84502,3,3,260,Southland,Southland,Not migrate,May
84705,3,2,350,Southland,Eastland,Migrate,October
85577,3,3,270,Southland,Southland,Not migrate,February
85672,3,1,166,Southland,Midland,Migrate,February
85799,3,2,417,Southland,Eastland,Migrate,December
85875,3,1,232,Southland,Midland,Migrate,August
85887,3,2,600,Southland,Eastland,Migrate,October
86411,3,1,525,Southland,Midland,Migrate,January
86548,3,1,267,Southland,Midland,Migrate,May
86663,3,1,777,Southland,Midland,Migrate,May
86669,3,1,184,Southland,Midland,Migrate,February
86744,3,2,446,Southland,Eastland,Migrate,March
86753,3,1,186,Southland,Midland,Migrate,July
86845,3,2,244,Southland,Eastland,Migrate,September
86908,3,2,285,Southland,Eastland,Migrate,November
86921,3,2,283,Southland,Eastland,Migrate,September
87103,3,2,428,Southland,Eastland,Migrate,June
87179,3,1,319,Southland,Midland,Migrate,November
87352,3,2,663,Southland,Eastland,Migrate,March
87685,3,3,472,Southland,Southland,Not migrate,April
87999,3,2,162,Southland,Eastland,Migrate,October
88155,3,1,291,Southland,Midland,Migrate,January
88780,3,2,713,Southland,Eastland,Migrate,October
88953,3,2,1868,Southland,Eastland,Migrate,June
89040,3,3,824,Southland,Southland,Not migrate,June
89375,3,3,412,Southland,Southland,Not migrate,February
89463,3,2,148,Southland,Eastland,Migrate,February
89659,3,3,861,Southland,Southland,Not migrate,November
89893,3,1,1029,Southland,Midland,Migrate,March
89898,3,2,593,Southland,Eastland,Migrate,August
90053,3,2,688,Southland,Eastland,Migrate,February
90316,3,2,365,Southland,Eastland,Migrate,April
90343,3,1,180,Southland,Midland,Migrate,February
91189,3,1,898,Southland,Midland,Migrate,February
91451,3,1,225,Southland,Midland,Migrate,July
91594,3,1,325,Southland,Midland,Migrate,December
91832,3,3,389,Southland,Southland,Not migrate,July
92204,3,3,408,Southland,Southland,Not migrate,October
92849,3,3,593,Southland,Southland,Not migrate,October
93045,3,1,189,Southland,Midland,Migrate,November
93107,3,3,351,Southland,Southland,Not migrate,April
93152,3,2,455,Southland,Eastland,Migrate,June
93506,3,1,210,Southland,Midland,Migrate,July
93876,3,2,277,Southland,Eastland,Migrate,January
93921,3,1,2070,Southland,Midland,Migrate,August
94225,3,1,506,Southland,Midland,Migrate,May
94273,3,3,222,Southland,Southland,Not migrate,April
94453,3,1,307,Southland,Midland,Migrate,April
94459,3,2,325,Southland,Eastland,Migrate,March
94481,3,3,256,Southland,Southland,Not migrate,May
94659,3,3,890,Southland,Southland,Not migrate,October
94687,3,2,225,Southland,Eastland,Migrate,June
94861,3,1,425,Southland,Midland,Migrate,December
94997,3,3,312,Southland,Southland,Not migrate,June
95221,3,2,400,Southland,Eastland,Migrate,October
95287,3,2,377,Southland,Eastland,Migrate,May
95330,3,1,374,Southland,Midland,Migrate,February
95755,3,3,172,Southland,Southland,Not migrate,March
95862,3,2,277,Southland,Eastland,Migrate,November
95884,3,2,208,Southland,Eastland,Migrate,December
95928,3,2,571,Southland,Eastland,Migrate,February
96262,3,3,643,Southland,Southland,Not migrate,July
96316,3,2,464,Southland,Eastland,Migrate,April
96418,3,2,440,Southland,Eastland,Migrate,November
96501,3,3,393,Southland,Southland,Not migrate,December
96589,3,3,372,Southland,Southland,Not migrate,November
96922,3,2,223,Southland,Eastland,Migrate,July
96926,3,3,452,Southland,Southland,Not migrate,November
96943,3,1,311,Southland,Midland,Migrate,October
97241,3,2,544,Southland,Eastland,Migrate,April
97295,3,2,196,Southland,Eastland,Migrate,June
97399,3,2,298,Southland,Eastland,Migrate,May
97456,3,3,1020,Southland,Southland,Not migrate,April
97532,3,3,291,Southland,Southland,Not migrate,May
98308,3,1,244,Southland,Midland,Migrate,February
98518,3,2,310,Southland,Eastland,Migrate,August
98833,3,3,408,Southland,Southland,Not migrate,December
98902,3,2,376,Southland,Eastland,Migrate,September
98926,3,2,336,Southland,Eastland,Migrate,June
98965,3,3,650,Southland,Southland,Not migrate,January
99009,3,2,409,Southland,Eastland,Migrate,February
99026,3,1,470,Southland,Midland,Migrate,April
99054,3,2,1277,Southland,Eastland,Migrate,November
99056,3,2,328,Southland,Eastland,Migrate,June
99096,3,3,484,Southland,Southland,Not migrate,May
99381,3,2,1009,Southland,Eastland,Migrate,September
99477,3,2,440,Southland,Eastland,Migrate,February
99660,3,3,182,Southland,Southland,Not migrate,January
99747,3,3,158,Southland,Southland,Not migrate,February
99877,3,1,641,Southland,Midland,Migrate,September
